icon_name,url,saved_path
pet-animals-bear,https://files.svgcdn.io/streamline-pixel/pet-animals-bear.svg,animals_icons/pet-animals-bear.svg
pet-animals-buffalo,https://files.svgcdn.io/streamline-pixel/pet-animals-buffalo.svg,animals_icons/pet-animals-buffalo.svg
pet-animals-cat,https://files.svgcdn.io/streamline-pixel/pet-animals-cat.svg,animals_icons/pet-animals-cat.svg
pet-animals-dog,https://files.svgcdn.io/streamline-pixel/pet-animals-dog.svg,animals_icons/pet-animals-dog.svg
pet-animals-frog,https://files.svgcdn.io/streamline-pixel/pet-animals-frog.svg,animals_icons/pet-animals-frog.svg
pet-animals-frog-face,https://files.svgcdn.io/streamline-pixel/pet-animals-frog-face.svg,animals_icons/pet-animals-frog-face.svg
pet-animals-gorilla,https://files.svgcdn.io/streamline-pixel/pet-animals-gorilla.svg,animals_icons/pet-animals-gorilla.svg
pet-animals-ox,https://files.svgcdn.io/streamline-pixel/pet-animals-ox.svg,animals_icons/pet-animals-ox.svg
pet-animals-pig,https://files.svgcdn.io/streamline-pixel/pet-animals-pig.svg,animals_icons/pet-animals-pig.svg
pet-animals-rabbit-1,https://files.svgcdn.io/streamline-pixel/pet-animals-rabbit-1.svg,animals_icons/pet-animals-rabbit-1.svg
pet-animals-rabbit-2,https://files.svgcdn.io/streamline-pixel/pet-animals-rabbit-2.svg,animals_icons/pet-animals-rabbit-2.svg
pet-animals-turtle,https://files.svgcdn.io/streamline-pixel/pet-animals-turtle.svg,animals_icons/pet-animals-turtle.svg
plants-and-animals,https://files.svgcdn.io/game-icons/plants-and-animals.svg,animals_icons/plants-and-animals.svg
nature-ecology-cat-head-cat-pet-animals-felyne,https://files.svgcdn.io/streamline/nature-ecology-cat-head-cat-pet-animals-felyne.svg,animals_icons/nature-ecology-cat-head-cat-pet-animals-felyne.svg
nature-ecology-dog-head-dog-pet-animals-canine,https://files.svgcdn.io/streamline/nature-ecology-dog-head-dog-pet-animals-canine.svg,animals_icons/nature-ecology-dog-head-dog-pet-animals-canine.svg
travel-hotel-pet-paw-paw-foot-animals-pets-footprint-track,https://files.svgcdn.io/streamline/travel-hotel-pet-paw-paw-foot-animals-pets-footprint-track.svg,animals_icons/travel-hotel-pet-paw-paw-foot-animals-pets-footprint-track.svg
bat,https://files.svgcdn.io/icon-park/bat.svg,animals_icons/bat.svg
bat,https://files.svgcdn.io/icon-park-twotone/bat.svg,animals_icons/bat_2.svg
bat,https://files.svgcdn.io/icon-park-solid/bat.svg,animals_icons/bat_3.svg
bat,https://files.svgcdn.io/icon-park-outline/bat.svg,animals_icons/bat_4.svg
bear,https://files.svgcdn.io/icon-park/bear.svg,animals_icons/bear.svg
bear,https://files.svgcdn.io/icon-park-twotone/bear.svg,animals_icons/bear_2.svg
bear,https://files.svgcdn.io/icon-park-solid/bear.svg,animals_icons/bear_3.svg
bear,https://files.svgcdn.io/icon-park-outline/bear.svg,animals_icons/bear_4.svg
bee,https://files.svgcdn.io/icon-park/bee.svg,animals_icons/bee.svg
bee,https://files.svgcdn.io/icon-park-twotone/bee.svg,animals_icons/bee_2.svg
bee,https://files.svgcdn.io/icon-park-solid/bee.svg,animals_icons/bee_3.svg
bee,https://files.svgcdn.io/icon-park-outline/bee.svg,animals_icons/bee_4.svg
bird,https://files.svgcdn.io/icon-park/bird.svg,animals_icons/bird.svg
bird,https://files.svgcdn.io/icon-park-twotone/bird.svg,animals_icons/bird_2.svg
bird,https://files.svgcdn.io/icon-park-solid/bird.svg,animals_icons/bird_3.svg
bird,https://files.svgcdn.io/icon-park-outline/bird.svg,animals_icons/bird_4.svg
butterfly,https://files.svgcdn.io/icon-park/butterfly.svg,animals_icons/butterfly.svg
butterfly,https://files.svgcdn.io/icon-park-twotone/butterfly.svg,animals_icons/butterfly_2.svg
butterfly,https://files.svgcdn.io/icon-park-solid/butterfly.svg,animals_icons/butterfly_3.svg
butterfly,https://files.svgcdn.io/icon-park-outline/butterfly.svg,animals_icons/butterfly_4.svg
cat,https://files.svgcdn.io/icon-park/cat.svg,animals_icons/cat.svg
cat,https://files.svgcdn.io/icon-park-outline/cat.svg,animals_icons/cat_2.svg
cat,https://files.svgcdn.io/fa7-solid/cat.svg,animals_icons/cat_3.svg
cat,https://files.svgcdn.io/fa6-solid/cat.svg,animals_icons/cat_4.svg
cat,https://files.svgcdn.io/fa-solid/cat.svg,animals_icons/cat_5.svg
cattle,https://files.svgcdn.io/icon-park/cattle.svg,animals_icons/cattle.svg
cattle,https://files.svgcdn.io/icon-park-twotone/cattle.svg,animals_icons/cattle_2.svg
cattle,https://files.svgcdn.io/icon-park-solid/cattle.svg,animals_icons/cattle_3.svg
cattle,https://files.svgcdn.io/icon-park-outline/cattle.svg,animals_icons/cattle_4.svg
cattle-zodiac,https://files.svgcdn.io/icon-park/cattle-zodiac.svg,animals_icons/cattle-zodiac.svg
cattle-zodiac,https://files.svgcdn.io/icon-park-outline/cattle-zodiac.svg,animals_icons/cattle-zodiac_2.svg
chicken-zodiac,https://files.svgcdn.io/icon-park/chicken-zodiac.svg,animals_icons/chicken-zodiac.svg
chicken-zodiac,https://files.svgcdn.io/icon-park-outline/chicken-zodiac.svg,animals_icons/chicken-zodiac_2.svg
crow,https://files.svgcdn.io/fa7-solid/crow.svg,animals_icons/crow.svg
crow,https://files.svgcdn.io/fa6-solid/crow.svg,animals_icons/crow_2.svg
crow,https://files.svgcdn.io/fa-solid/crow.svg,animals_icons/crow_3.svg
deer,https://files.svgcdn.io/icon-park/deer.svg,animals_icons/deer.svg
deer,https://files.svgcdn.io/icon-park-twotone/deer.svg,animals_icons/deer_2.svg
deer,https://files.svgcdn.io/icon-park-solid/deer.svg,animals_icons/deer_3.svg
deer,https://files.svgcdn.io/icon-park-outline/deer.svg,animals_icons/deer_4.svg
dog,https://files.svgcdn.io/la/dog.svg,animals_icons/dog.svg
dog,https://files.svgcdn.io/icon-park/dog.svg,animals_icons/dog_2.svg
dog,https://files.svgcdn.io/icon-park-twotone/dog.svg,animals_icons/dog_3.svg
dog,https://files.svgcdn.io/icon-park-solid/dog.svg,animals_icons/dog_4.svg
dog,https://files.svgcdn.io/icon-park-outline/dog.svg,animals_icons/dog_5.svg
dog,https://files.svgcdn.io/fa7-solid/dog.svg,animals_icons/dog_6.svg
dog,https://files.svgcdn.io/fa6-solid/dog.svg,animals_icons/dog_7.svg
dog,https://files.svgcdn.io/fa-solid/dog.svg,animals_icons/dog_8.svg
dog-zodiac,https://files.svgcdn.io/icon-park/dog-zodiac.svg,animals_icons/dog-zodiac.svg
dog-zodiac,https://files.svgcdn.io/icon-park-outline/dog-zodiac.svg,animals_icons/dog-zodiac_2.svg
dolphin,https://files.svgcdn.io/icon-park/dolphin.svg,animals_icons/dolphin.svg
dolphin,https://files.svgcdn.io/icon-park-twotone/dolphin.svg,animals_icons/dolphin_2.svg
dolphin,https://files.svgcdn.io/icon-park-solid/dolphin.svg,animals_icons/dolphin_3.svg
dolphin,https://files.svgcdn.io/icon-park-outline/dolphin.svg,animals_icons/dolphin_4.svg
dove,https://files.svgcdn.io/fa7-solid/dove.svg,animals_icons/dove.svg
dove,https://files.svgcdn.io/fa6-solid/dove.svg,animals_icons/dove_2.svg
dove,https://files.svgcdn.io/fa-solid/dove.svg,animals_icons/dove_3.svg
dragon,https://files.svgcdn.io/fa7-solid/dragon.svg,animals_icons/dragon.svg
dragon,https://files.svgcdn.io/fa6-solid/dragon.svg,animals_icons/dragon_2.svg
dragon,https://files.svgcdn.io/fa-solid/dragon.svg,animals_icons/dragon_3.svg
dragon-zodiac,https://files.svgcdn.io/icon-park/dragon-zodiac.svg,animals_icons/dragon-zodiac.svg
dragon-zodiac,https://files.svgcdn.io/icon-park-outline/dragon-zodiac.svg,animals_icons/dragon-zodiac_2.svg
duck,https://files.svgcdn.io/icon-park/duck.svg,animals_icons/duck.svg
duck,https://files.svgcdn.io/icon-park-twotone/duck.svg,animals_icons/duck_2.svg
duck,https://files.svgcdn.io/icon-park-solid/duck.svg,animals_icons/duck_3.svg
duck,https://files.svgcdn.io/icon-park-outline/duck.svg,animals_icons/duck_4.svg
eagle,https://files.svgcdn.io/icon-park/eagle.svg,animals_icons/eagle.svg
eagle,https://files.svgcdn.io/icon-park-twotone/eagle.svg,animals_icons/eagle_2.svg
eagle,https://files.svgcdn.io/icon-park-solid/eagle.svg,animals_icons/eagle_3.svg
eagle,https://files.svgcdn.io/icon-park-outline/eagle.svg,animals_icons/eagle_4.svg
elephant,https://files.svgcdn.io/icon-park/elephant.svg,animals_icons/elephant.svg
elephant,https://files.svgcdn.io/icon-park-outline/elephant.svg,animals_icons/elephant_2.svg
feather,https://files.svgcdn.io/fa7-solid/feather.svg,animals_icons/feather.svg
feather,https://files.svgcdn.io/fa6-solid/feather.svg,animals_icons/feather_2.svg
feather,https://files.svgcdn.io/fa-solid/feather.svg,animals_icons/feather_3.svg
feather-alt,https://files.svgcdn.io/fa7-solid/feather-alt.svg,animals_icons/feather-alt.svg
feather-alt,https://files.svgcdn.io/fa-solid/feather-alt.svg,animals_icons/feather-alt_2.svg
fish,https://files.svgcdn.io/iconoir/fish.svg,animals_icons/fish.svg
fish,https://files.svgcdn.io/fa7-solid/fish.svg,animals_icons/fish_2.svg
fish,https://files.svgcdn.io/fa6-solid/fish.svg,animals_icons/fish_3.svg
fish,https://files.svgcdn.io/fa-solid/fish.svg,animals_icons/fish_4.svg
fish-one,https://files.svgcdn.io/icon-park/fish-one.svg,animals_icons/fish-one.svg
fish-one,https://files.svgcdn.io/icon-park-twotone/fish-one.svg,animals_icons/fish-one_2.svg
fish-one,https://files.svgcdn.io/icon-park-solid/fish-one.svg,animals_icons/fish-one_3.svg
fish-one,https://files.svgcdn.io/icon-park-outline/fish-one.svg,animals_icons/fish-one_4.svg
frog,https://files.svgcdn.io/icon-park/frog.svg,animals_icons/frog.svg
frog,https://files.svgcdn.io/icon-park-twotone/frog.svg,animals_icons/frog_2.svg
frog,https://files.svgcdn.io/icon-park-solid/frog.svg,animals_icons/frog_3.svg
frog,https://files.svgcdn.io/icon-park-outline/frog.svg,animals_icons/frog_4.svg
frog,https://files.svgcdn.io/fa7-solid/frog.svg,animals_icons/frog_5.svg
frog,https://files.svgcdn.io/fa6-solid/frog.svg,animals_icons/frog_6.svg
frog,https://files.svgcdn.io/fa-solid/frog.svg,animals_icons/frog_7.svg
hippo,https://files.svgcdn.io/la/hippo.svg,animals_icons/hippo.svg
hippo,https://files.svgcdn.io/icon-park/hippo.svg,animals_icons/hippo_2.svg
hippo,https://files.svgcdn.io/icon-park-twotone/hippo.svg,animals_icons/hippo_3.svg
hippo,https://files.svgcdn.io/icon-park-solid/hippo.svg,animals_icons/hippo_4.svg
hippo,https://files.svgcdn.io/icon-park-outline/hippo.svg,animals_icons/hippo_5.svg
hippo,https://files.svgcdn.io/fa7-solid/hippo.svg,animals_icons/hippo_6.svg
hippo,https://files.svgcdn.io/fa6-solid/hippo.svg,animals_icons/hippo_7.svg
hippo,https://files.svgcdn.io/fa-solid/hippo.svg,animals_icons/hippo_8.svg
horse,https://files.svgcdn.io/la/horse.svg,animals_icons/horse.svg
horse,https://files.svgcdn.io/fa7-solid/horse.svg,animals_icons/horse_2.svg
horse,https://files.svgcdn.io/fa6-solid/horse.svg,animals_icons/horse_3.svg
horse,https://files.svgcdn.io/fa-solid/horse.svg,animals_icons/horse_4.svg
horse-head,https://files.svgcdn.io/la/horse-head.svg,animals_icons/horse-head.svg
horse-head,https://files.svgcdn.io/fa7-solid/horse-head.svg,animals_icons/horse-head_2.svg
horse-head,https://files.svgcdn.io/fa6-solid/horse-head.svg,animals_icons/horse-head_3.svg
horse-head,https://files.svgcdn.io/fa-solid/horse-head.svg,animals_icons/horse-head_4.svg
horse-zodiac,https://files.svgcdn.io/icon-park/horse-zodiac.svg,animals_icons/horse-zodiac.svg
horse-zodiac,https://files.svgcdn.io/icon-park-outline/horse-zodiac.svg,animals_icons/horse-zodiac_2.svg
jellyfish,https://files.svgcdn.io/iconoir/jellyfish.svg,animals_icons/jellyfish.svg
kiwi-bird,https://files.svgcdn.io/la/kiwi-bird.svg,animals_icons/kiwi-bird.svg
kiwi-bird,https://files.svgcdn.io/fa7-solid/kiwi-bird.svg,animals_icons/kiwi-bird_2.svg
kiwi-bird,https://files.svgcdn.io/fa6-solid/kiwi-bird.svg,animals_icons/kiwi-bird_3.svg
kiwi-bird,https://files.svgcdn.io/fa-solid/kiwi-bird.svg,animals_icons/kiwi-bird_4.svg
koala-bear,https://files.svgcdn.io/icon-park/koala-bear.svg,animals_icons/koala-bear.svg
koala-bear,https://files.svgcdn.io/icon-park-twotone/koala-bear.svg,animals_icons/koala-bear_2.svg
koala-bear,https://files.svgcdn.io/icon-park-solid/koala-bear.svg,animals_icons/koala-bear_3.svg
koala-bear,https://files.svgcdn.io/icon-park-outline/koala-bear.svg,animals_icons/koala-bear_4.svg
monkey,https://files.svgcdn.io/icon-park/monkey.svg,animals_icons/monkey.svg
monkey,https://files.svgcdn.io/icon-park-twotone/monkey.svg,animals_icons/monkey_2.svg
monkey,https://files.svgcdn.io/icon-park-solid/monkey.svg,animals_icons/monkey_3.svg
monkey,https://files.svgcdn.io/icon-park-outline/monkey.svg,animals_icons/monkey_4.svg
monkey-zodiac,https://files.svgcdn.io/icon-park/monkey-zodiac.svg,animals_icons/monkey-zodiac.svg
monkey-zodiac,https://files.svgcdn.io/icon-park-outline/monkey-zodiac.svg,animals_icons/monkey-zodiac_2.svg
mouse-zodiac,https://files.svgcdn.io/icon-park/mouse-zodiac.svg,animals_icons/mouse-zodiac.svg
mouse-zodiac,https://files.svgcdn.io/icon-park-outline/mouse-zodiac.svg,animals_icons/mouse-zodiac_2.svg
otter,https://files.svgcdn.io/la/otter.svg,animals_icons/otter.svg
otter,https://files.svgcdn.io/fa7-solid/otter.svg,animals_icons/otter_2.svg
otter,https://files.svgcdn.io/fa6-solid/otter.svg,animals_icons/otter_3.svg
otter,https://files.svgcdn.io/fa-solid/otter.svg,animals_icons/otter_4.svg
owl,https://files.svgcdn.io/icon-park/owl.svg,animals_icons/owl.svg
owl,https://files.svgcdn.io/icon-park-twotone/owl.svg,animals_icons/owl_2.svg
owl,https://files.svgcdn.io/icon-park-solid/owl.svg,animals_icons/owl_3.svg
owl,https://files.svgcdn.io/icon-park-outline/owl.svg,animals_icons/owl_4.svg
panda,https://files.svgcdn.io/icon-park/panda.svg,animals_icons/panda.svg
panda,https://files.svgcdn.io/icon-park-twotone/panda.svg,animals_icons/panda_2.svg
panda,https://files.svgcdn.io/icon-park-solid/panda.svg,animals_icons/panda_3.svg
panda,https://files.svgcdn.io/icon-park-outline/panda.svg,animals_icons/panda_4.svg
paw,https://files.svgcdn.io/fa7-solid/paw.svg,animals_icons/paw.svg
paw,https://files.svgcdn.io/fa6-solid/paw.svg,animals_icons/paw_2.svg
paw,https://files.svgcdn.io/fa-solid/paw.svg,animals_icons/paw_3.svg
pig,https://files.svgcdn.io/icon-park/pig.svg,animals_icons/pig.svg
pig,https://files.svgcdn.io/icon-park-twotone/pig.svg,animals_icons/pig_2.svg
pig,https://files.svgcdn.io/icon-park-solid/pig.svg,animals_icons/pig_3.svg
pig,https://files.svgcdn.io/icon-park-outline/pig.svg,animals_icons/pig_4.svg
pig-zodiac,https://files.svgcdn.io/icon-park/pig-zodiac.svg,animals_icons/pig-zodiac.svg
pig-zodiac,https://files.svgcdn.io/icon-park-outline/pig-zodiac.svg,animals_icons/pig-zodiac_2.svg
pigeon,https://files.svgcdn.io/icon-park/pigeon.svg,animals_icons/pigeon.svg
pigeon,https://files.svgcdn.io/icon-park-twotone/pigeon.svg,animals_icons/pigeon_2.svg
pigeon,https://files.svgcdn.io/icon-park-solid/pigeon.svg,animals_icons/pigeon_3.svg
pigeon,https://files.svgcdn.io/icon-park-outline/pigeon.svg,animals_icons/pigeon_4.svg
rabbit,https://files.svgcdn.io/icon-park/rabbit.svg,animals_icons/rabbit.svg
rabbit,https://files.svgcdn.io/icon-park-twotone/rabbit.svg,animals_icons/rabbit_2.svg
rabbit,https://files.svgcdn.io/icon-park-solid/rabbit.svg,animals_icons/rabbit_3.svg
rabbit,https://files.svgcdn.io/icon-park-outline/rabbit.svg,animals_icons/rabbit_4.svg
rabbit-zodiac,https://files.svgcdn.io/icon-park/rabbit-zodiac.svg,animals_icons/rabbit-zodiac.svg
rabbit-zodiac,https://files.svgcdn.io/icon-park-outline/rabbit-zodiac.svg,animals_icons/rabbit-zodiac_2.svg
sheep-zodiac,https://files.svgcdn.io/icon-park/sheep-zodiac.svg,animals_icons/sheep-zodiac.svg
sheep-zodiac,https://files.svgcdn.io/icon-park-outline/sheep-zodiac.svg,animals_icons/sheep-zodiac_2.svg
snake-zodiac,https://files.svgcdn.io/icon-park/snake-zodiac.svg,animals_icons/snake-zodiac.svg
snake-zodiac,https://files.svgcdn.io/icon-park-outline/snake-zodiac.svg,animals_icons/snake-zodiac_2.svg
spider,https://files.svgcdn.io/fa7-solid/spider.svg,animals_icons/spider.svg
spider,https://files.svgcdn.io/fa6-solid/spider.svg,animals_icons/spider_2.svg
spider,https://files.svgcdn.io/fa-solid/spider.svg,animals_icons/spider_3.svg
tiger-zodiac,https://files.svgcdn.io/icon-park/tiger-zodiac.svg,animals_icons/tiger-zodiac.svg
tiger-zodiac,https://files.svgcdn.io/icon-park-outline/tiger-zodiac.svg,animals_icons/tiger-zodiac_2.svg
whale,https://files.svgcdn.io/icon-park/whale.svg,animals_icons/whale.svg
whale,https://files.svgcdn.io/icon-park-twotone/whale.svg,animals_icons/whale_2.svg
whale,https://files.svgcdn.io/icon-park-solid/whale.svg,animals_icons/whale_3.svg
whale,https://files.svgcdn.io/icon-park-outline/whale.svg,animals_icons/whale_4.svg
wolf,https://files.svgcdn.io/iconoir/wolf.svg,animals_icons/wolf.svg
wolf-solid,https://files.svgcdn.io/iconoir/wolf-solid.svg,animals_icons/wolf-solid.svg
2,https://files.svgcdn.io/streamline-emojis/2.svg,animals_icons/2.svg
ant,https://files.svgcdn.io/twemoji/ant.svg,animals_icons/ant.svg
ant,https://files.svgcdn.io/streamline-emojis/ant.svg,animals_icons/ant_2.svg
ant,https://files.svgcdn.io/openmoji/ant.svg,animals_icons/ant_3.svg
ant,https://files.svgcdn.io/noto/ant.svg,animals_icons/ant_4.svg
ant,https://files.svgcdn.io/noto-v1/ant.svg,animals_icons/ant_5.svg
ant,https://files.svgcdn.io/fluent-emoji/ant.svg,animals_icons/ant_6.svg
ant,https://files.svgcdn.io/fluent-emoji-high-contrast/ant.svg,animals_icons/ant_7.svg
ant,https://files.svgcdn.io/fluent-emoji-flat/ant.svg,animals_icons/ant_8.svg
baby-chick,https://files.svgcdn.io/twemoji/baby-chick.svg,animals_icons/baby-chick.svg
baby-chick,https://files.svgcdn.io/streamline-emojis/baby-chick.svg,animals_icons/baby-chick_2.svg
baby-chick,https://files.svgcdn.io/openmoji/baby-chick.svg,animals_icons/baby-chick_3.svg
baby-chick,https://files.svgcdn.io/noto/baby-chick.svg,animals_icons/baby-chick_4.svg
baby-chick,https://files.svgcdn.io/noto-v1/baby-chick.svg,animals_icons/baby-chick_5.svg
baby-chick,https://files.svgcdn.io/fluent-emoji/baby-chick.svg,animals_icons/baby-chick_6.svg
baby-chick,https://files.svgcdn.io/fluent-emoji-high-contrast/baby-chick.svg,animals_icons/baby-chick_7.svg
baby-chick,https://files.svgcdn.io/fluent-emoji-flat/baby-chick.svg,animals_icons/baby-chick_8.svg
badger,https://files.svgcdn.io/twemoji/badger.svg,animals_icons/badger.svg
badger,https://files.svgcdn.io/openmoji/badger.svg,animals_icons/badger_2.svg
badger,https://files.svgcdn.io/noto/badger.svg,animals_icons/badger_3.svg
badger,https://files.svgcdn.io/fluent-emoji/badger.svg,animals_icons/badger_4.svg
badger,https://files.svgcdn.io/fluent-emoji-high-contrast/badger.svg,animals_icons/badger_5.svg
badger,https://files.svgcdn.io/fluent-emoji-flat/badger.svg,animals_icons/badger_6.svg
bat,https://files.svgcdn.io/twemoji/bat.svg,animals_icons/bat_5.svg
bat,https://files.svgcdn.io/openmoji/bat.svg,animals_icons/bat_6.svg
bat,https://files.svgcdn.io/noto/bat.svg,animals_icons/bat_7.svg
bat,https://files.svgcdn.io/noto-v1/bat.svg,animals_icons/bat_8.svg
bat,https://files.svgcdn.io/fluent-emoji/bat.svg,animals_icons/bat_9.svg
bat,https://files.svgcdn.io/fluent-emoji-high-contrast/bat.svg,animals_icons/bat_10.svg
bat,https://files.svgcdn.io/fluent-emoji-flat/bat.svg,animals_icons/bat_11.svg
bear,https://files.svgcdn.io/twemoji/bear.svg,animals_icons/bear_5.svg
bear,https://files.svgcdn.io/openmoji/bear.svg,animals_icons/bear_6.svg
bear,https://files.svgcdn.io/noto/bear.svg,animals_icons/bear_7.svg
bear,https://files.svgcdn.io/noto-v1/bear.svg,animals_icons/bear_8.svg
bear,https://files.svgcdn.io/fluent-emoji/bear.svg,animals_icons/bear_9.svg
bear,https://files.svgcdn.io/fluent-emoji-high-contrast/bear.svg,animals_icons/bear_10.svg
bear,https://files.svgcdn.io/fluent-emoji-flat/bear.svg,animals_icons/bear_11.svg
bear-face,https://files.svgcdn.io/streamline-emojis/bear-face.svg,animals_icons/bear-face.svg
beaver,https://files.svgcdn.io/twemoji/beaver.svg,animals_icons/beaver.svg
beaver,https://files.svgcdn.io/openmoji/beaver.svg,animals_icons/beaver_2.svg
beaver,https://files.svgcdn.io/noto/beaver.svg,animals_icons/beaver_3.svg
beaver,https://files.svgcdn.io/fluent-emoji/beaver.svg,animals_icons/beaver_4.svg
beaver,https://files.svgcdn.io/fluent-emoji-high-contrast/beaver.svg,animals_icons/beaver_5.svg
beaver,https://files.svgcdn.io/fluent-emoji-flat/beaver.svg,animals_icons/beaver_6.svg
beetle,https://files.svgcdn.io/twemoji/beetle.svg,animals_icons/beetle.svg
beetle,https://files.svgcdn.io/openmoji/beetle.svg,animals_icons/beetle_2.svg
beetle,https://files.svgcdn.io/noto/beetle.svg,animals_icons/beetle_3.svg
beetle,https://files.svgcdn.io/fluent-emoji/beetle.svg,animals_icons/beetle_4.svg
beetle,https://files.svgcdn.io/fluent-emoji-high-contrast/beetle.svg,animals_icons/beetle_5.svg
beetle,https://files.svgcdn.io/fluent-emoji-flat/beetle.svg,animals_icons/beetle_6.svg
bird,https://files.svgcdn.io/twemoji/bird.svg,animals_icons/bird_5.svg
bird,https://files.svgcdn.io/openmoji/bird.svg,animals_icons/bird_6.svg
bird,https://files.svgcdn.io/noto/bird.svg,animals_icons/bird_7.svg
bird,https://files.svgcdn.io/noto-v1/bird.svg,animals_icons/bird_8.svg
bird,https://files.svgcdn.io/fluent-emoji/bird.svg,animals_icons/bird_9.svg
bird,https://files.svgcdn.io/fluent-emoji-high-contrast/bird.svg,animals_icons/bird_10.svg
bird,https://files.svgcdn.io/fluent-emoji-flat/bird.svg,animals_icons/bird_11.svg
bird-1,https://files.svgcdn.io/streamline-emojis/bird-1.svg,animals_icons/bird-1.svg
bird-2,https://files.svgcdn.io/streamline-emojis/bird-2.svg,animals_icons/bird-2.svg
bison,https://files.svgcdn.io/twemoji/bison.svg,animals_icons/bison.svg
bison,https://files.svgcdn.io/openmoji/bison.svg,animals_icons/bison_2.svg
bison,https://files.svgcdn.io/noto/bison.svg,animals_icons/bison_3.svg
bison,https://files.svgcdn.io/fluent-emoji/bison.svg,animals_icons/bison_4.svg
bison,https://files.svgcdn.io/fluent-emoji-high-contrast/bison.svg,animals_icons/bison_5.svg
bison,https://files.svgcdn.io/fluent-emoji-flat/bison.svg,animals_icons/bison_6.svg
black-bird,https://files.svgcdn.io/openmoji/black-bird.svg,animals_icons/black-bird.svg
black-bird,https://files.svgcdn.io/noto/black-bird.svg,animals_icons/black-bird_2.svg
black-cat,https://files.svgcdn.io/twemoji/black-cat.svg,animals_icons/black-cat.svg
black-cat,https://files.svgcdn.io/openmoji/black-cat.svg,animals_icons/black-cat_2.svg
black-cat,https://files.svgcdn.io/noto/black-cat.svg,animals_icons/black-cat_3.svg
black-cat,https://files.svgcdn.io/fluent-emoji/black-cat.svg,animals_icons/black-cat_4.svg
black-cat,https://files.svgcdn.io/fluent-emoji-high-contrast/black-cat.svg,animals_icons/black-cat_5.svg
black-cat,https://files.svgcdn.io/fluent-emoji-flat/black-cat.svg,animals_icons/black-cat_6.svg
blackbird,https://files.svgcdn.io/fluent-emoji/blackbird.svg,animals_icons/blackbird.svg
blackbird,https://files.svgcdn.io/fluent-emoji-high-contrast/blackbird.svg,animals_icons/blackbird_2.svg
blackbird,https://files.svgcdn.io/fluent-emoji-flat/blackbird.svg,animals_icons/blackbird_3.svg
blossom,https://files.svgcdn.io/twemoji/blossom.svg,animals_icons/blossom.svg
blossom,https://files.svgcdn.io/streamline-emojis/blossom.svg,animals_icons/blossom_2.svg
blossom,https://files.svgcdn.io/openmoji/blossom.svg,animals_icons/blossom_3.svg
blossom,https://files.svgcdn.io/noto/blossom.svg,animals_icons/blossom_4.svg
blossom,https://files.svgcdn.io/noto-v1/blossom.svg,animals_icons/blossom_5.svg
blossom,https://files.svgcdn.io/fluent-emoji/blossom.svg,animals_icons/blossom_6.svg
blossom,https://files.svgcdn.io/fluent-emoji-high-contrast/blossom.svg,animals_icons/blossom_7.svg
blossom,https://files.svgcdn.io/fluent-emoji-flat/blossom.svg,animals_icons/blossom_8.svg
blowfish,https://files.svgcdn.io/twemoji/blowfish.svg,animals_icons/blowfish.svg
blowfish,https://files.svgcdn.io/streamline-emojis/blowfish.svg,animals_icons/blowfish_2.svg
blowfish,https://files.svgcdn.io/openmoji/blowfish.svg,animals_icons/blowfish_3.svg
blowfish,https://files.svgcdn.io/noto/blowfish.svg,animals_icons/blowfish_4.svg
blowfish,https://files.svgcdn.io/noto-v1/blowfish.svg,animals_icons/blowfish_5.svg
blowfish,https://files.svgcdn.io/fluent-emoji/blowfish.svg,animals_icons/blowfish_6.svg
blowfish,https://files.svgcdn.io/fluent-emoji-high-contrast/blowfish.svg,animals_icons/blowfish_7.svg
blowfish,https://files.svgcdn.io/fluent-emoji-flat/blowfish.svg,animals_icons/blowfish_8.svg
boar,https://files.svgcdn.io/twemoji/boar.svg,animals_icons/boar.svg
boar,https://files.svgcdn.io/openmoji/boar.svg,animals_icons/boar_2.svg
boar,https://files.svgcdn.io/noto/boar.svg,animals_icons/boar_3.svg
boar,https://files.svgcdn.io/noto-v1/boar.svg,animals_icons/boar_4.svg
boar,https://files.svgcdn.io/fluent-emoji/boar.svg,animals_icons/boar_5.svg
boar,https://files.svgcdn.io/fluent-emoji-high-contrast/boar.svg,animals_icons/boar_6.svg
boar,https://files.svgcdn.io/fluent-emoji-flat/boar.svg,animals_icons/boar_7.svg
boar-1,https://files.svgcdn.io/streamline-emojis/boar-1.svg,animals_icons/boar-1.svg
boar-2,https://files.svgcdn.io/streamline-emojis/boar-2.svg,animals_icons/boar-2.svg
bouquet,https://files.svgcdn.io/twemoji/bouquet.svg,animals_icons/bouquet.svg
bouquet,https://files.svgcdn.io/streamline-emojis/bouquet.svg,animals_icons/bouquet_2.svg
bouquet,https://files.svgcdn.io/openmoji/bouquet.svg,animals_icons/bouquet_3.svg
bouquet,https://files.svgcdn.io/noto/bouquet.svg,animals_icons/bouquet_4.svg
bouquet,https://files.svgcdn.io/noto-v1/bouquet.svg,animals_icons/bouquet_5.svg
bouquet,https://files.svgcdn.io/fluent-emoji/bouquet.svg,animals_icons/bouquet_6.svg
bouquet,https://files.svgcdn.io/fluent-emoji-high-contrast/bouquet.svg,animals_icons/bouquet_7.svg
bouquet,https://files.svgcdn.io/fluent-emoji-flat/bouquet.svg,animals_icons/bouquet_8.svg
bug,https://files.svgcdn.io/twemoji/bug.svg,animals_icons/bug.svg
bug,https://files.svgcdn.io/streamline-emojis/bug.svg,animals_icons/bug_2.svg
bug,https://files.svgcdn.io/openmoji/bug.svg,animals_icons/bug_3.svg
bug,https://files.svgcdn.io/noto/bug.svg,animals_icons/bug_4.svg
bug,https://files.svgcdn.io/noto-v1/bug.svg,animals_icons/bug_5.svg
bug,https://files.svgcdn.io/fluent-emoji/bug.svg,animals_icons/bug_6.svg
bug,https://files.svgcdn.io/fluent-emoji-high-contrast/bug.svg,animals_icons/bug_7.svg
bug,https://files.svgcdn.io/fluent-emoji-flat/bug.svg,animals_icons/bug_8.svg
butterfly,https://files.svgcdn.io/twemoji/butterfly.svg,animals_icons/butterfly_5.svg
butterfly,https://files.svgcdn.io/openmoji/butterfly.svg,animals_icons/butterfly_6.svg
butterfly,https://files.svgcdn.io/noto/butterfly.svg,animals_icons/butterfly_7.svg
butterfly,https://files.svgcdn.io/noto-v1/butterfly.svg,animals_icons/butterfly_8.svg
butterfly,https://files.svgcdn.io/fluent-emoji/butterfly.svg,animals_icons/butterfly_9.svg
butterfly,https://files.svgcdn.io/fluent-emoji-high-contrast/butterfly.svg,animals_icons/butterfly_10.svg
butterfly,https://files.svgcdn.io/fluent-emoji-flat/butterfly.svg,animals_icons/butterfly_11.svg
cactus,https://files.svgcdn.io/twemoji/cactus.svg,animals_icons/cactus.svg
cactus,https://files.svgcdn.io/openmoji/cactus.svg,animals_icons/cactus_2.svg
cactus,https://files.svgcdn.io/noto/cactus.svg,animals_icons/cactus_3.svg
cactus,https://files.svgcdn.io/noto-v1/cactus.svg,animals_icons/cactus_4.svg
cactus,https://files.svgcdn.io/fluent-emoji/cactus.svg,animals_icons/cactus_5.svg
cactus,https://files.svgcdn.io/fluent-emoji-high-contrast/cactus.svg,animals_icons/cactus_6.svg
cactus,https://files.svgcdn.io/fluent-emoji-flat/cactus.svg,animals_icons/cactus_7.svg
cactus-1,https://files.svgcdn.io/streamline-emojis/cactus-1.svg,animals_icons/cactus-1.svg
cactus-2,https://files.svgcdn.io/streamline-emojis/cactus-2.svg,animals_icons/cactus-2.svg
camel,https://files.svgcdn.io/twemoji/camel.svg,animals_icons/camel.svg
camel,https://files.svgcdn.io/streamline-emojis/camel.svg,animals_icons/camel_2.svg
camel,https://files.svgcdn.io/openmoji/camel.svg,animals_icons/camel_3.svg
camel,https://files.svgcdn.io/noto/camel.svg,animals_icons/camel_4.svg
camel,https://files.svgcdn.io/noto-v1/camel.svg,animals_icons/camel_5.svg
camel,https://files.svgcdn.io/fluent-emoji/camel.svg,animals_icons/camel_6.svg
camel,https://files.svgcdn.io/fluent-emoji-high-contrast/camel.svg,animals_icons/camel_7.svg
camel,https://files.svgcdn.io/fluent-emoji-flat/camel.svg,animals_icons/camel_8.svg
cat,https://files.svgcdn.io/twemoji/cat.svg,animals_icons/cat_6.svg
cat,https://files.svgcdn.io/streamline-emojis/cat.svg,animals_icons/cat_7.svg
cat,https://files.svgcdn.io/openmoji/cat.svg,animals_icons/cat_8.svg
cat,https://files.svgcdn.io/noto/cat.svg,animals_icons/cat_9.svg
cat,https://files.svgcdn.io/noto-v1/cat.svg,animals_icons/cat_10.svg
cat,https://files.svgcdn.io/fluent-emoji/cat.svg,animals_icons/cat_11.svg
cat,https://files.svgcdn.io/fluent-emoji-high-contrast/cat.svg,animals_icons/cat_12.svg
cat,https://files.svgcdn.io/fluent-emoji-flat/cat.svg,animals_icons/cat_13.svg
cat-face,https://files.svgcdn.io/twemoji/cat-face.svg,animals_icons/cat-face.svg
cat-face,https://files.svgcdn.io/streamline-emojis/cat-face.svg,animals_icons/cat-face_2.svg
cat-face,https://files.svgcdn.io/openmoji/cat-face.svg,animals_icons/cat-face_3.svg
cat-face,https://files.svgcdn.io/noto/cat-face.svg,animals_icons/cat-face_4.svg
cat-face,https://files.svgcdn.io/noto-v1/cat-face.svg,animals_icons/cat-face_5.svg
cat-face,https://files.svgcdn.io/fluent-emoji/cat-face.svg,animals_icons/cat-face_6.svg
cat-face,https://files.svgcdn.io/fluent-emoji-high-contrast/cat-face.svg,animals_icons/cat-face_7.svg
cat-face,https://files.svgcdn.io/fluent-emoji-flat/cat-face.svg,animals_icons/cat-face_8.svg
cherry-blossom,https://files.svgcdn.io/twemoji/cherry-blossom.svg,animals_icons/cherry-blossom.svg
cherry-blossom,https://files.svgcdn.io/openmoji/cherry-blossom.svg,animals_icons/cherry-blossom_2.svg
cherry-blossom,https://files.svgcdn.io/noto/cherry-blossom.svg,animals_icons/cherry-blossom_3.svg
cherry-blossom,https://files.svgcdn.io/noto-v1/cherry-blossom.svg,animals_icons/cherry-blossom_4.svg
cherry-blossom,https://files.svgcdn.io/fluent-emoji/cherry-blossom.svg,animals_icons/cherry-blossom_5.svg
cherry-blossom,https://files.svgcdn.io/fluent-emoji-high-contrast/cherry-blossom.svg,animals_icons/cherry-blossom_6.svg
cherry-blossom,https://files.svgcdn.io/fluent-emoji-flat/cherry-blossom.svg,animals_icons/cherry-blossom_7.svg
chicken,https://files.svgcdn.io/twemoji/chicken.svg,animals_icons/chicken.svg
chicken,https://files.svgcdn.io/streamline-emojis/chicken.svg,animals_icons/chicken_2.svg
chicken,https://files.svgcdn.io/openmoji/chicken.svg,animals_icons/chicken_3.svg
chicken,https://files.svgcdn.io/noto/chicken.svg,animals_icons/chicken_4.svg
chicken,https://files.svgcdn.io/noto-v1/chicken.svg,animals_icons/chicken_5.svg
chicken,https://files.svgcdn.io/fluent-emoji/chicken.svg,animals_icons/chicken_6.svg
chicken,https://files.svgcdn.io/fluent-emoji-high-contrast/chicken.svg,animals_icons/chicken_7.svg
chicken,https://files.svgcdn.io/fluent-emoji-flat/chicken.svg,animals_icons/chicken_8.svg
chipmunk,https://files.svgcdn.io/twemoji/chipmunk.svg,animals_icons/chipmunk.svg
chipmunk,https://files.svgcdn.io/streamline-emojis/chipmunk.svg,animals_icons/chipmunk_2.svg
chipmunk,https://files.svgcdn.io/openmoji/chipmunk.svg,animals_icons/chipmunk_3.svg
chipmunk,https://files.svgcdn.io/noto/chipmunk.svg,animals_icons/chipmunk_4.svg
chipmunk,https://files.svgcdn.io/noto-v1/chipmunk.svg,animals_icons/chipmunk_5.svg
chipmunk,https://files.svgcdn.io/fluent-emoji/chipmunk.svg,animals_icons/chipmunk_6.svg
chipmunk,https://files.svgcdn.io/fluent-emoji-high-contrast/chipmunk.svg,animals_icons/chipmunk_7.svg
chipmunk,https://files.svgcdn.io/fluent-emoji-flat/chipmunk.svg,animals_icons/chipmunk_8.svg
christmas-tree,https://files.svgcdn.io/streamline-emojis/christmas-tree.svg,animals_icons/christmas-tree.svg
cloud-1,https://files.svgcdn.io/streamline-emojis/cloud-1.svg,animals_icons/cloud-1.svg
cloud-2,https://files.svgcdn.io/streamline-emojis/cloud-2.svg,animals_icons/cloud-2.svg
cloud-with-rain-1,https://files.svgcdn.io/streamline-emojis/cloud-with-rain-1.svg,animals_icons/cloud-with-rain-1.svg
cloud-with-rain-2,https://files.svgcdn.io/streamline-emojis/cloud-with-rain-2.svg,animals_icons/cloud-with-rain-2.svg
cockroach,https://files.svgcdn.io/twemoji/cockroach.svg,animals_icons/cockroach.svg
cockroach,https://files.svgcdn.io/openmoji/cockroach.svg,animals_icons/cockroach_2.svg
cockroach,https://files.svgcdn.io/noto/cockroach.svg,animals_icons/cockroach_3.svg
cockroach,https://files.svgcdn.io/fluent-emoji/cockroach.svg,animals_icons/cockroach_4.svg
cockroach,https://files.svgcdn.io/fluent-emoji-high-contrast/cockroach.svg,animals_icons/cockroach_5.svg
cockroach,https://files.svgcdn.io/fluent-emoji-flat/cockroach.svg,animals_icons/cockroach_6.svg
collision,https://files.svgcdn.io/streamline-emojis/collision.svg,animals_icons/collision.svg
coral,https://files.svgcdn.io/twemoji/coral.svg,animals_icons/coral.svg
coral,https://files.svgcdn.io/openmoji/coral.svg,animals_icons/coral_2.svg
coral,https://files.svgcdn.io/noto/coral.svg,animals_icons/coral_3.svg
coral,https://files.svgcdn.io/fluent-emoji/coral.svg,animals_icons/coral_4.svg
coral,https://files.svgcdn.io/fluent-emoji-high-contrast/coral.svg,animals_icons/coral_5.svg
coral,https://files.svgcdn.io/fluent-emoji-flat/coral.svg,animals_icons/coral_6.svg
cow,https://files.svgcdn.io/twemoji/cow.svg,animals_icons/cow.svg
cow,https://files.svgcdn.io/streamline-emojis/cow.svg,animals_icons/cow_2.svg
cow,https://files.svgcdn.io/openmoji/cow.svg,animals_icons/cow_3.svg
cow,https://files.svgcdn.io/noto/cow.svg,animals_icons/cow_4.svg
cow,https://files.svgcdn.io/noto-v1/cow.svg,animals_icons/cow_5.svg
cow,https://files.svgcdn.io/fluent-emoji/cow.svg,animals_icons/cow_6.svg
cow,https://files.svgcdn.io/fluent-emoji-high-contrast/cow.svg,animals_icons/cow_7.svg
cow,https://files.svgcdn.io/fluent-emoji-flat/cow.svg,animals_icons/cow_8.svg
cow-face,https://files.svgcdn.io/twemoji/cow-face.svg,animals_icons/cow-face.svg
cow-face,https://files.svgcdn.io/streamline-emojis/cow-face.svg,animals_icons/cow-face_2.svg
cow-face,https://files.svgcdn.io/openmoji/cow-face.svg,animals_icons/cow-face_3.svg
cow-face,https://files.svgcdn.io/noto/cow-face.svg,animals_icons/cow-face_4.svg
cow-face,https://files.svgcdn.io/noto-v1/cow-face.svg,animals_icons/cow-face_5.svg
cow-face,https://files.svgcdn.io/fluent-emoji/cow-face.svg,animals_icons/cow-face_6.svg
cow-face,https://files.svgcdn.io/fluent-emoji-high-contrast/cow-face.svg,animals_icons/cow-face_7.svg
cow-face,https://files.svgcdn.io/fluent-emoji-flat/cow-face.svg,animals_icons/cow-face_8.svg
crab,https://files.svgcdn.io/twemoji/crab.svg,animals_icons/crab.svg
crab,https://files.svgcdn.io/noto/crab.svg,animals_icons/crab_2.svg
crescent-moon,https://files.svgcdn.io/streamline-emojis/crescent-moon.svg,animals_icons/crescent-moon.svg
cricket,https://files.svgcdn.io/twemoji/cricket.svg,animals_icons/cricket.svg
cricket,https://files.svgcdn.io/openmoji/cricket.svg,animals_icons/cricket_2.svg
cricket,https://files.svgcdn.io/noto/cricket.svg,animals_icons/cricket_3.svg
cricket,https://files.svgcdn.io/fluent-emoji/cricket.svg,animals_icons/cricket_4.svg
cricket,https://files.svgcdn.io/fluent-emoji-high-contrast/cricket.svg,animals_icons/cricket_5.svg
cricket,https://files.svgcdn.io/fluent-emoji-flat/cricket.svg,animals_icons/cricket_6.svg
crocodile,https://files.svgcdn.io/twemoji/crocodile.svg,animals_icons/crocodile.svg
crocodile,https://files.svgcdn.io/streamline-emojis/crocodile.svg,animals_icons/crocodile_2.svg
crocodile,https://files.svgcdn.io/openmoji/crocodile.svg,animals_icons/crocodile_3.svg
crocodile,https://files.svgcdn.io/noto/crocodile.svg,animals_icons/crocodile_4.svg
crocodile,https://files.svgcdn.io/noto-v1/crocodile.svg,animals_icons/crocodile_5.svg
crocodile,https://files.svgcdn.io/fluent-emoji/crocodile.svg,animals_icons/crocodile_6.svg
crocodile,https://files.svgcdn.io/fluent-emoji-high-contrast/crocodile.svg,animals_icons/crocodile_7.svg
crocodile,https://files.svgcdn.io/fluent-emoji-flat/crocodile.svg,animals_icons/crocodile_8.svg
dashing-away,https://files.svgcdn.io/streamline-emojis/dashing-away.svg,animals_icons/dashing-away.svg
deciduous-tree,https://files.svgcdn.io/twemoji/deciduous-tree.svg,animals_icons/deciduous-tree.svg
deciduous-tree,https://files.svgcdn.io/openmoji/deciduous-tree.svg,animals_icons/deciduous-tree_2.svg
deciduous-tree,https://files.svgcdn.io/noto/deciduous-tree.svg,animals_icons/deciduous-tree_3.svg
deciduous-tree,https://files.svgcdn.io/noto-v1/deciduous-tree.svg,animals_icons/deciduous-tree_4.svg
deciduous-tree,https://files.svgcdn.io/fluent-emoji/deciduous-tree.svg,animals_icons/deciduous-tree_5.svg
deciduous-tree,https://files.svgcdn.io/fluent-emoji-high-contrast/deciduous-tree.svg,animals_icons/deciduous-tree_6.svg
deciduous-tree,https://files.svgcdn.io/fluent-emoji-flat/deciduous-tree.svg,animals_icons/deciduous-tree_7.svg
deer,https://files.svgcdn.io/twemoji/deer.svg,animals_icons/deer_5.svg
deer,https://files.svgcdn.io/openmoji/deer.svg,animals_icons/deer_6.svg
deer,https://files.svgcdn.io/noto/deer.svg,animals_icons/deer_7.svg
deer,https://files.svgcdn.io/noto-v1/deer.svg,animals_icons/deer_8.svg
deer,https://files.svgcdn.io/fluent-emoji/deer.svg,animals_icons/deer_9.svg
deer,https://files.svgcdn.io/fluent-emoji-high-contrast/deer.svg,animals_icons/deer_10.svg
deer,https://files.svgcdn.io/fluent-emoji-flat/deer.svg,animals_icons/deer_11.svg
dizzy,https://files.svgcdn.io/streamline-emojis/dizzy.svg,animals_icons/dizzy.svg
dodo,https://files.svgcdn.io/twemoji/dodo.svg,animals_icons/dodo.svg
dodo,https://files.svgcdn.io/openmoji/dodo.svg,animals_icons/dodo_2.svg
dodo,https://files.svgcdn.io/noto/dodo.svg,animals_icons/dodo_3.svg
dodo,https://files.svgcdn.io/fluent-emoji/dodo.svg,animals_icons/dodo_4.svg
dodo,https://files.svgcdn.io/fluent-emoji-high-contrast/dodo.svg,animals_icons/dodo_5.svg
dodo,https://files.svgcdn.io/fluent-emoji-flat/dodo.svg,animals_icons/dodo_6.svg
dog,https://files.svgcdn.io/twemoji/dog.svg,animals_icons/dog_9.svg
dog,https://files.svgcdn.io/streamline-emojis/dog.svg,animals_icons/dog_10.svg
dog,https://files.svgcdn.io/openmoji/dog.svg,animals_icons/dog_11.svg
dog,https://files.svgcdn.io/noto/dog.svg,animals_icons/dog_12.svg
dog,https://files.svgcdn.io/noto-v1/dog.svg,animals_icons/dog_13.svg
dog,https://files.svgcdn.io/fluent-emoji/dog.svg,animals_icons/dog_14.svg
dog,https://files.svgcdn.io/fluent-emoji-high-contrast/dog.svg,animals_icons/dog_15.svg
dog,https://files.svgcdn.io/fluent-emoji-flat/dog.svg,animals_icons/dog_16.svg
dog-face,https://files.svgcdn.io/twemoji/dog-face.svg,animals_icons/dog-face.svg
dog-face,https://files.svgcdn.io/streamline-emojis/dog-face.svg,animals_icons/dog-face_2.svg
dog-face,https://files.svgcdn.io/openmoji/dog-face.svg,animals_icons/dog-face_3.svg
dog-face,https://files.svgcdn.io/noto/dog-face.svg,animals_icons/dog-face_4.svg
dog-face,https://files.svgcdn.io/noto-v1/dog-face.svg,animals_icons/dog-face_5.svg
dog-face,https://files.svgcdn.io/fluent-emoji/dog-face.svg,animals_icons/dog-face_6.svg
dog-face,https://files.svgcdn.io/fluent-emoji-high-contrast/dog-face.svg,animals_icons/dog-face_7.svg
dog-face,https://files.svgcdn.io/fluent-emoji-flat/dog-face.svg,animals_icons/dog-face_8.svg
dolphin,https://files.svgcdn.io/twemoji/dolphin.svg,animals_icons/dolphin_5.svg
dolphin,https://files.svgcdn.io/streamline-emojis/dolphin.svg,animals_icons/dolphin_6.svg
dolphin,https://files.svgcdn.io/openmoji/dolphin.svg,animals_icons/dolphin_7.svg
dolphin,https://files.svgcdn.io/noto/dolphin.svg,animals_icons/dolphin_8.svg
dolphin,https://files.svgcdn.io/noto-v1/dolphin.svg,animals_icons/dolphin_9.svg
dolphin,https://files.svgcdn.io/fluent-emoji/dolphin.svg,animals_icons/dolphin_10.svg
dolphin,https://files.svgcdn.io/fluent-emoji-high-contrast/dolphin.svg,animals_icons/dolphin_11.svg
dolphin,https://files.svgcdn.io/fluent-emoji-flat/dolphin.svg,animals_icons/dolphin_12.svg
donkey,https://files.svgcdn.io/openmoji/donkey.svg,animals_icons/donkey.svg
donkey,https://files.svgcdn.io/noto/donkey.svg,animals_icons/donkey_2.svg
donkey,https://files.svgcdn.io/fluent-emoji/donkey.svg,animals_icons/donkey_3.svg
donkey,https://files.svgcdn.io/fluent-emoji-high-contrast/donkey.svg,animals_icons/donkey_4.svg
donkey,https://files.svgcdn.io/fluent-emoji-flat/donkey.svg,animals_icons/donkey_5.svg
dove,https://files.svgcdn.io/twemoji/dove.svg,animals_icons/dove_4.svg
dove,https://files.svgcdn.io/openmoji/dove.svg,animals_icons/dove_5.svg
dove,https://files.svgcdn.io/noto/dove.svg,animals_icons/dove_6.svg
dove,https://files.svgcdn.io/noto-v1/dove.svg,animals_icons/dove_7.svg
dove,https://files.svgcdn.io/fluent-emoji/dove.svg,animals_icons/dove_8.svg
dove,https://files.svgcdn.io/fluent-emoji-high-contrast/dove.svg,animals_icons/dove_9.svg
dove,https://files.svgcdn.io/fluent-emoji-flat/dove.svg,animals_icons/dove_10.svg
dragon,https://files.svgcdn.io/twemoji/dragon.svg,animals_icons/dragon_4.svg
dragon,https://files.svgcdn.io/openmoji/dragon.svg,animals_icons/dragon_5.svg
dragon,https://files.svgcdn.io/noto/dragon.svg,animals_icons/dragon_6.svg
dragon,https://files.svgcdn.io/noto-v1/dragon.svg,animals_icons/dragon_7.svg
dragon,https://files.svgcdn.io/fluent-emoji/dragon.svg,animals_icons/dragon_8.svg
dragon,https://files.svgcdn.io/fluent-emoji-high-contrast/dragon.svg,animals_icons/dragon_9.svg
dragon,https://files.svgcdn.io/fluent-emoji-flat/dragon.svg,animals_icons/dragon_10.svg
dragon-face,https://files.svgcdn.io/twemoji/dragon-face.svg,animals_icons/dragon-face.svg
dragon-face,https://files.svgcdn.io/openmoji/dragon-face.svg,animals_icons/dragon-face_2.svg
dragon-face,https://files.svgcdn.io/noto/dragon-face.svg,animals_icons/dragon-face_3.svg
dragon-face,https://files.svgcdn.io/noto-v1/dragon-face.svg,animals_icons/dragon-face_4.svg
dragon-face,https://files.svgcdn.io/fluent-emoji/dragon-face.svg,animals_icons/dragon-face_5.svg
dragon-face,https://files.svgcdn.io/fluent-emoji-high-contrast/dragon-face.svg,animals_icons/dragon-face_6.svg
dragon-face,https://files.svgcdn.io/fluent-emoji-flat/dragon-face.svg,animals_icons/dragon-face_7.svg
droplet,https://files.svgcdn.io/streamline-emojis/droplet.svg,animals_icons/droplet.svg
duck,https://files.svgcdn.io/twemoji/duck.svg,animals_icons/duck_5.svg
duck,https://files.svgcdn.io/openmoji/duck.svg,animals_icons/duck_6.svg
duck,https://files.svgcdn.io/noto/duck.svg,animals_icons/duck_7.svg
duck,https://files.svgcdn.io/noto-v1/duck.svg,animals_icons/duck_8.svg
duck,https://files.svgcdn.io/fluent-emoji/duck.svg,animals_icons/duck_9.svg
duck,https://files.svgcdn.io/fluent-emoji-high-contrast/duck.svg,animals_icons/duck_10.svg
duck,https://files.svgcdn.io/fluent-emoji-flat/duck.svg,animals_icons/duck_11.svg
eagle,https://files.svgcdn.io/twemoji/eagle.svg,animals_icons/eagle_5.svg
eagle,https://files.svgcdn.io/openmoji/eagle.svg,animals_icons/eagle_6.svg
eagle,https://files.svgcdn.io/noto/eagle.svg,animals_icons/eagle_7.svg
eagle,https://files.svgcdn.io/noto-v1/eagle.svg,animals_icons/eagle_8.svg
eagle,https://files.svgcdn.io/fluent-emoji/eagle.svg,animals_icons/eagle_9.svg
eagle,https://files.svgcdn.io/fluent-emoji-high-contrast/eagle.svg,animals_icons/eagle_10.svg
eagle,https://files.svgcdn.io/fluent-emoji-flat/eagle.svg,animals_icons/eagle_11.svg
elephant,https://files.svgcdn.io/twemoji/elephant.svg,animals_icons/elephant_3.svg
elephant,https://files.svgcdn.io/streamline-emojis/elephant.svg,animals_icons/elephant_4.svg
elephant,https://files.svgcdn.io/openmoji/elephant.svg,animals_icons/elephant_5.svg
elephant,https://files.svgcdn.io/noto/elephant.svg,animals_icons/elephant_6.svg
elephant,https://files.svgcdn.io/noto-v1/elephant.svg,animals_icons/elephant_7.svg
elephant,https://files.svgcdn.io/fluent-emoji/elephant.svg,animals_icons/elephant_8.svg
elephant,https://files.svgcdn.io/fluent-emoji-high-contrast/elephant.svg,animals_icons/elephant_9.svg
elephant,https://files.svgcdn.io/fluent-emoji-flat/elephant.svg,animals_icons/elephant_10.svg
empty-nest,https://files.svgcdn.io/twemoji/empty-nest.svg,animals_icons/empty-nest.svg
empty-nest,https://files.svgcdn.io/openmoji/empty-nest.svg,animals_icons/empty-nest_2.svg
empty-nest,https://files.svgcdn.io/noto/empty-nest.svg,animals_icons/empty-nest_3.svg
empty-nest,https://files.svgcdn.io/fluent-emoji/empty-nest.svg,animals_icons/empty-nest_4.svg
empty-nest,https://files.svgcdn.io/fluent-emoji-high-contrast/empty-nest.svg,animals_icons/empty-nest_5.svg
empty-nest,https://files.svgcdn.io/fluent-emoji-flat/empty-nest.svg,animals_icons/empty-nest_6.svg
evergreen-tree,https://files.svgcdn.io/twemoji/evergreen-tree.svg,animals_icons/evergreen-tree.svg
evergreen-tree,https://files.svgcdn.io/openmoji/evergreen-tree.svg,animals_icons/evergreen-tree_2.svg
evergreen-tree,https://files.svgcdn.io/noto/evergreen-tree.svg,animals_icons/evergreen-tree_3.svg
evergreen-tree,https://files.svgcdn.io/noto-v1/evergreen-tree.svg,animals_icons/evergreen-tree_4.svg
evergreen-tree,https://files.svgcdn.io/fluent-emoji/evergreen-tree.svg,animals_icons/evergreen-tree_5.svg
evergreen-tree,https://files.svgcdn.io/fluent-emoji-high-contrast/evergreen-tree.svg,animals_icons/evergreen-tree_6.svg
evergreen-tree,https://files.svgcdn.io/fluent-emoji-flat/evergreen-tree.svg,animals_icons/evergreen-tree_7.svg
ewe,https://files.svgcdn.io/twemoji/ewe.svg,animals_icons/ewe.svg
ewe,https://files.svgcdn.io/openmoji/ewe.svg,animals_icons/ewe_2.svg
ewe,https://files.svgcdn.io/noto/ewe.svg,animals_icons/ewe_3.svg
ewe,https://files.svgcdn.io/noto-v1/ewe.svg,animals_icons/ewe_4.svg
ewe,https://files.svgcdn.io/fluent-emoji/ewe.svg,animals_icons/ewe_5.svg
ewe,https://files.svgcdn.io/fluent-emoji-high-contrast/ewe.svg,animals_icons/ewe_6.svg
ewe,https://files.svgcdn.io/fluent-emoji-flat/ewe.svg,animals_icons/ewe_7.svg
ewe-1,https://files.svgcdn.io/streamline-emojis/ewe-1.svg,animals_icons/ewe-1.svg
ewe-2,https://files.svgcdn.io/streamline-emojis/ewe-2.svg,animals_icons/ewe-2.svg
fallen-leaf,https://files.svgcdn.io/twemoji/fallen-leaf.svg,animals_icons/fallen-leaf.svg
fallen-leaf,https://files.svgcdn.io/streamline-emojis/fallen-leaf.svg,animals_icons/fallen-leaf_2.svg
fallen-leaf,https://files.svgcdn.io/openmoji/fallen-leaf.svg,animals_icons/fallen-leaf_3.svg
fallen-leaf,https://files.svgcdn.io/noto/fallen-leaf.svg,animals_icons/fallen-leaf_4.svg
fallen-leaf,https://files.svgcdn.io/noto-v1/fallen-leaf.svg,animals_icons/fallen-leaf_5.svg
fallen-leaf,https://files.svgcdn.io/fluent-emoji/fallen-leaf.svg,animals_icons/fallen-leaf_6.svg
fallen-leaf,https://files.svgcdn.io/fluent-emoji-high-contrast/fallen-leaf.svg,animals_icons/fallen-leaf_7.svg
fallen-leaf,https://files.svgcdn.io/fluent-emoji-flat/fallen-leaf.svg,animals_icons/fallen-leaf_8.svg
feather,https://files.svgcdn.io/twemoji/feather.svg,animals_icons/feather_4.svg
feather,https://files.svgcdn.io/openmoji/feather.svg,animals_icons/feather_5.svg
feather,https://files.svgcdn.io/noto/feather.svg,animals_icons/feather_6.svg
feather,https://files.svgcdn.io/fluent-emoji/feather.svg,animals_icons/feather_7.svg
feather,https://files.svgcdn.io/fluent-emoji-high-contrast/feather.svg,animals_icons/feather_8.svg
feather,https://files.svgcdn.io/fluent-emoji-flat/feather.svg,animals_icons/feather_9.svg
fire,https://files.svgcdn.io/streamline-emojis/fire.svg,animals_icons/fire.svg
first-quarter-moon,https://files.svgcdn.io/streamline-emojis/first-quarter-moon.svg,animals_icons/first-quarter-moon.svg
first-quarter-moon-face,https://files.svgcdn.io/streamline-emojis/first-quarter-moon-face.svg,animals_icons/first-quarter-moon-face.svg
fish,https://files.svgcdn.io/twemoji/fish.svg,animals_icons/fish_5.svg
fish,https://files.svgcdn.io/openmoji/fish.svg,animals_icons/fish_6.svg
fish,https://files.svgcdn.io/noto/fish.svg,animals_icons/fish_7.svg
fish,https://files.svgcdn.io/noto-v1/fish.svg,animals_icons/fish_8.svg
fish,https://files.svgcdn.io/fluent-emoji/fish.svg,animals_icons/fish_9.svg
fish,https://files.svgcdn.io/fluent-emoji-high-contrast/fish.svg,animals_icons/fish_10.svg
fish,https://files.svgcdn.io/fluent-emoji-flat/fish.svg,animals_icons/fish_11.svg
flamingo,https://files.svgcdn.io/twemoji/flamingo.svg,animals_icons/flamingo.svg
flamingo,https://files.svgcdn.io/openmoji/flamingo.svg,animals_icons/flamingo_2.svg
flamingo,https://files.svgcdn.io/noto/flamingo.svg,animals_icons/flamingo_3.svg
flamingo,https://files.svgcdn.io/fluent-emoji/flamingo.svg,animals_icons/flamingo_4.svg
flamingo,https://files.svgcdn.io/fluent-emoji-high-contrast/flamingo.svg,animals_icons/flamingo_5.svg
flamingo,https://files.svgcdn.io/fluent-emoji-flat/flamingo.svg,animals_icons/flamingo_6.svg
fly,https://files.svgcdn.io/twemoji/fly.svg,animals_icons/fly.svg
fly,https://files.svgcdn.io/openmoji/fly.svg,animals_icons/fly_2.svg
fly,https://files.svgcdn.io/noto/fly.svg,animals_icons/fly_3.svg
fly,https://files.svgcdn.io/fluent-emoji/fly.svg,animals_icons/fly_4.svg
fly,https://files.svgcdn.io/fluent-emoji-high-contrast/fly.svg,animals_icons/fly_5.svg
fly,https://files.svgcdn.io/fluent-emoji-flat/fly.svg,animals_icons/fly_6.svg
four-leaf-clover,https://files.svgcdn.io/twemoji/four-leaf-clover.svg,animals_icons/four-leaf-clover.svg
four-leaf-clover,https://files.svgcdn.io/streamline-emojis/four-leaf-clover.svg,animals_icons/four-leaf-clover_2.svg
four-leaf-clover,https://files.svgcdn.io/openmoji/four-leaf-clover.svg,animals_icons/four-leaf-clover_3.svg
four-leaf-clover,https://files.svgcdn.io/noto/four-leaf-clover.svg,animals_icons/four-leaf-clover_4.svg
four-leaf-clover,https://files.svgcdn.io/noto-v1/four-leaf-clover.svg,animals_icons/four-leaf-clover_5.svg
four-leaf-clover,https://files.svgcdn.io/fluent-emoji/four-leaf-clover.svg,animals_icons/four-leaf-clover_6.svg
four-leaf-clover,https://files.svgcdn.io/fluent-emoji-high-contrast/four-leaf-clover.svg,animals_icons/four-leaf-clover_7.svg
four-leaf-clover,https://files.svgcdn.io/fluent-emoji-flat/four-leaf-clover.svg,animals_icons/four-leaf-clover_8.svg
fox,https://files.svgcdn.io/twemoji/fox.svg,animals_icons/fox.svg
fox,https://files.svgcdn.io/openmoji/fox.svg,animals_icons/fox_2.svg
fox,https://files.svgcdn.io/noto/fox.svg,animals_icons/fox_3.svg
fox,https://files.svgcdn.io/noto-v1/fox.svg,animals_icons/fox_4.svg
fox,https://files.svgcdn.io/fluent-emoji/fox.svg,animals_icons/fox_5.svg
fox,https://files.svgcdn.io/fluent-emoji-high-contrast/fox.svg,animals_icons/fox_6.svg
fox,https://files.svgcdn.io/fluent-emoji-flat/fox.svg,animals_icons/fox_7.svg
fox-face-1,https://files.svgcdn.io/streamline-emojis/fox-face-1.svg,animals_icons/fox-face-1.svg
fox-face-2,https://files.svgcdn.io/streamline-emojis/fox-face-2.svg,animals_icons/fox-face-2.svg
frog,https://files.svgcdn.io/twemoji/frog.svg,animals_icons/frog_8.svg
frog,https://files.svgcdn.io/openmoji/frog.svg,animals_icons/frog_9.svg
frog,https://files.svgcdn.io/noto/frog.svg,animals_icons/frog_10.svg
frog,https://files.svgcdn.io/noto-v1/frog.svg,animals_icons/frog_11.svg
frog,https://files.svgcdn.io/fluent-emoji/frog.svg,animals_icons/frog_12.svg
frog,https://files.svgcdn.io/fluent-emoji-high-contrast/frog.svg,animals_icons/frog_13.svg
frog,https://files.svgcdn.io/fluent-emoji-flat/frog.svg,animals_icons/frog_14.svg
frog-face,https://files.svgcdn.io/streamline-emojis/frog-face.svg,animals_icons/frog-face.svg
front-facing-baby-chick,https://files.svgcdn.io/twemoji/front-facing-baby-chick.svg,animals_icons/front-facing-baby-chick.svg
front-facing-baby-chick,https://files.svgcdn.io/openmoji/front-facing-baby-chick.svg,animals_icons/front-facing-baby-chick_2.svg
front-facing-baby-chick,https://files.svgcdn.io/noto/front-facing-baby-chick.svg,animals_icons/front-facing-baby-chick_3.svg
front-facing-baby-chick,https://files.svgcdn.io/noto-v1/front-facing-baby-chick.svg,animals_icons/front-facing-baby-chick_4.svg
front-facing-baby-chick,https://files.svgcdn.io/fluent-emoji/front-facing-baby-chick.svg,animals_icons/front-facing-baby-chick_5.svg
front-facing-baby-chick,https://files.svgcdn.io/fluent-emoji-high-contrast/front-facing-baby-chick.svg,animals_icons/front-facing-baby-chick_6.svg
front-facing-baby-chick,https://files.svgcdn.io/fluent-emoji-flat/front-facing-baby-chick.svg,animals_icons/front-facing-baby-chick_7.svg
full-moon,https://files.svgcdn.io/streamline-emojis/full-moon.svg,animals_icons/full-moon.svg
full-moon-face,https://files.svgcdn.io/streamline-emojis/full-moon-face.svg,animals_icons/full-moon-face.svg
giraffe,https://files.svgcdn.io/twemoji/giraffe.svg,animals_icons/giraffe.svg
giraffe,https://files.svgcdn.io/openmoji/giraffe.svg,animals_icons/giraffe_2.svg
giraffe,https://files.svgcdn.io/noto/giraffe.svg,animals_icons/giraffe_3.svg
giraffe,https://files.svgcdn.io/fluent-emoji/giraffe.svg,animals_icons/giraffe_4.svg
giraffe,https://files.svgcdn.io/fluent-emoji-high-contrast/giraffe.svg,animals_icons/giraffe_5.svg
giraffe,https://files.svgcdn.io/fluent-emoji-flat/giraffe.svg,animals_icons/giraffe_6.svg
globe-showing-americas,https://files.svgcdn.io/streamline-emojis/globe-showing-americas.svg,animals_icons/globe-showing-americas.svg
globe-showing-europe-africa,https://files.svgcdn.io/streamline-emojis/globe-showing-europe-africa.svg,animals_icons/globe-showing-europe-africa.svg
goat,https://files.svgcdn.io/twemoji/goat.svg,animals_icons/goat.svg
goat,https://files.svgcdn.io/streamline-emojis/goat.svg,animals_icons/goat_2.svg
goat,https://files.svgcdn.io/openmoji/goat.svg,animals_icons/goat_3.svg
goat,https://files.svgcdn.io/noto/goat.svg,animals_icons/goat_4.svg
goat,https://files.svgcdn.io/noto-v1/goat.svg,animals_icons/goat_5.svg
goat,https://files.svgcdn.io/fluent-emoji/goat.svg,animals_icons/goat_6.svg
goat,https://files.svgcdn.io/fluent-emoji-high-contrast/goat.svg,animals_icons/goat_7.svg
goat,https://files.svgcdn.io/fluent-emoji-flat/goat.svg,animals_icons/goat_8.svg
goose,https://files.svgcdn.io/openmoji/goose.svg,animals_icons/goose.svg
goose,https://files.svgcdn.io/noto/goose.svg,animals_icons/goose_2.svg
goose,https://files.svgcdn.io/fluent-emoji/goose.svg,animals_icons/goose_3.svg
goose,https://files.svgcdn.io/fluent-emoji-high-contrast/goose.svg,animals_icons/goose_4.svg
goose,https://files.svgcdn.io/fluent-emoji-flat/goose.svg,animals_icons/goose_5.svg
gorilla,https://files.svgcdn.io/twemoji/gorilla.svg,animals_icons/gorilla.svg
gorilla,https://files.svgcdn.io/openmoji/gorilla.svg,animals_icons/gorilla_2.svg
gorilla,https://files.svgcdn.io/noto/gorilla.svg,animals_icons/gorilla_3.svg
gorilla,https://files.svgcdn.io/noto-v1/gorilla.svg,animals_icons/gorilla_4.svg
gorilla,https://files.svgcdn.io/fluent-emoji/gorilla.svg,animals_icons/gorilla_5.svg
gorilla,https://files.svgcdn.io/fluent-emoji-high-contrast/gorilla.svg,animals_icons/gorilla_6.svg
gorilla,https://files.svgcdn.io/fluent-emoji-flat/gorilla.svg,animals_icons/gorilla_7.svg
guide-dog,https://files.svgcdn.io/twemoji/guide-dog.svg,animals_icons/guide-dog.svg
guide-dog,https://files.svgcdn.io/openmoji/guide-dog.svg,animals_icons/guide-dog_2.svg
guide-dog,https://files.svgcdn.io/noto/guide-dog.svg,animals_icons/guide-dog_3.svg
guide-dog,https://files.svgcdn.io/fluent-emoji/guide-dog.svg,animals_icons/guide-dog_4.svg
guide-dog,https://files.svgcdn.io/fluent-emoji-high-contrast/guide-dog.svg,animals_icons/guide-dog_5.svg
guide-dog,https://files.svgcdn.io/fluent-emoji-flat/guide-dog.svg,animals_icons/guide-dog_6.svg
hamster,https://files.svgcdn.io/twemoji/hamster.svg,animals_icons/hamster.svg
hamster,https://files.svgcdn.io/openmoji/hamster.svg,animals_icons/hamster_2.svg
hamster,https://files.svgcdn.io/noto/hamster.svg,animals_icons/hamster_3.svg
hamster,https://files.svgcdn.io/noto-v1/hamster.svg,animals_icons/hamster_4.svg
hamster,https://files.svgcdn.io/fluent-emoji/hamster.svg,animals_icons/hamster_5.svg
hamster,https://files.svgcdn.io/fluent-emoji-high-contrast/hamster.svg,animals_icons/hamster_6.svg
hamster,https://files.svgcdn.io/fluent-emoji-flat/hamster.svg,animals_icons/hamster_7.svg
hamster-face,https://files.svgcdn.io/streamline-emojis/hamster-face.svg,animals_icons/hamster-face.svg
hatching-chick,https://files.svgcdn.io/twemoji/hatching-chick.svg,animals_icons/hatching-chick.svg
hatching-chick,https://files.svgcdn.io/openmoji/hatching-chick.svg,animals_icons/hatching-chick_2.svg
hatching-chick,https://files.svgcdn.io/noto/hatching-chick.svg,animals_icons/hatching-chick_3.svg
hatching-chick,https://files.svgcdn.io/noto-v1/hatching-chick.svg,animals_icons/hatching-chick_4.svg
hatching-chick,https://files.svgcdn.io/fluent-emoji/hatching-chick.svg,animals_icons/hatching-chick_5.svg
hatching-chick,https://files.svgcdn.io/fluent-emoji-high-contrast/hatching-chick.svg,animals_icons/hatching-chick_6.svg
hatching-chick,https://files.svgcdn.io/fluent-emoji-flat/hatching-chick.svg,animals_icons/hatching-chick_7.svg
hatching-chick-1,https://files.svgcdn.io/streamline-emojis/hatching-chick-1.svg,animals_icons/hatching-chick-1.svg
hear-no-evil-monkey,https://files.svgcdn.io/streamline-emojis/hear-no-evil-monkey.svg,animals_icons/hear-no-evil-monkey.svg
hedgehog,https://files.svgcdn.io/twemoji/hedgehog.svg,animals_icons/hedgehog.svg
hedgehog,https://files.svgcdn.io/openmoji/hedgehog.svg,animals_icons/hedgehog_2.svg
hedgehog,https://files.svgcdn.io/noto/hedgehog.svg,animals_icons/hedgehog_3.svg
hedgehog,https://files.svgcdn.io/fluent-emoji/hedgehog.svg,animals_icons/hedgehog_4.svg
hedgehog,https://files.svgcdn.io/fluent-emoji-high-contrast/hedgehog.svg,animals_icons/hedgehog_5.svg
hedgehog,https://files.svgcdn.io/fluent-emoji-flat/hedgehog.svg,animals_icons/hedgehog_6.svg
herb,https://files.svgcdn.io/twemoji/herb.svg,animals_icons/herb.svg
herb,https://files.svgcdn.io/streamline-emojis/herb.svg,animals_icons/herb_2.svg
herb,https://files.svgcdn.io/openmoji/herb.svg,animals_icons/herb_3.svg
herb,https://files.svgcdn.io/noto/herb.svg,animals_icons/herb_4.svg
herb,https://files.svgcdn.io/noto-v1/herb.svg,animals_icons/herb_5.svg
herb,https://files.svgcdn.io/fluent-emoji/herb.svg,animals_icons/herb_6.svg
herb,https://files.svgcdn.io/fluent-emoji-high-contrast/herb.svg,animals_icons/herb_7.svg
herb,https://files.svgcdn.io/fluent-emoji-flat/herb.svg,animals_icons/herb_8.svg
hibiscus,https://files.svgcdn.io/twemoji/hibiscus.svg,animals_icons/hibiscus.svg
hibiscus,https://files.svgcdn.io/streamline-emojis/hibiscus.svg,animals_icons/hibiscus_2.svg
hibiscus,https://files.svgcdn.io/openmoji/hibiscus.svg,animals_icons/hibiscus_3.svg
hibiscus,https://files.svgcdn.io/noto/hibiscus.svg,animals_icons/hibiscus_4.svg
hibiscus,https://files.svgcdn.io/noto-v1/hibiscus.svg,animals_icons/hibiscus_5.svg
hibiscus,https://files.svgcdn.io/fluent-emoji/hibiscus.svg,animals_icons/hibiscus_6.svg
hibiscus,https://files.svgcdn.io/fluent-emoji-high-contrast/hibiscus.svg,animals_icons/hibiscus_7.svg
hibiscus,https://files.svgcdn.io/fluent-emoji-flat/hibiscus.svg,animals_icons/hibiscus_8.svg
high-voltage,https://files.svgcdn.io/streamline-emojis/high-voltage.svg,animals_icons/high-voltage.svg
hippopotamus,https://files.svgcdn.io/twemoji/hippopotamus.svg,animals_icons/hippopotamus.svg
hippopotamus,https://files.svgcdn.io/openmoji/hippopotamus.svg,animals_icons/hippopotamus_2.svg
hippopotamus,https://files.svgcdn.io/noto/hippopotamus.svg,animals_icons/hippopotamus_3.svg
hippopotamus,https://files.svgcdn.io/fluent-emoji/hippopotamus.svg,animals_icons/hippopotamus_4.svg
hippopotamus,https://files.svgcdn.io/fluent-emoji-high-contrast/hippopotamus.svg,animals_icons/hippopotamus_5.svg
hippopotamus,https://files.svgcdn.io/fluent-emoji-flat/hippopotamus.svg,animals_icons/hippopotamus_6.svg
honeybee,https://files.svgcdn.io/twemoji/honeybee.svg,animals_icons/honeybee.svg
honeybee,https://files.svgcdn.io/streamline-emojis/honeybee.svg,animals_icons/honeybee_2.svg
honeybee,https://files.svgcdn.io/openmoji/honeybee.svg,animals_icons/honeybee_3.svg
honeybee,https://files.svgcdn.io/noto/honeybee.svg,animals_icons/honeybee_4.svg
honeybee,https://files.svgcdn.io/noto-v1/honeybee.svg,animals_icons/honeybee_5.svg
honeybee,https://files.svgcdn.io/fluent-emoji/honeybee.svg,animals_icons/honeybee_6.svg
honeybee,https://files.svgcdn.io/fluent-emoji-high-contrast/honeybee.svg,animals_icons/honeybee_7.svg
honeybee,https://files.svgcdn.io/fluent-emoji-flat/honeybee.svg,animals_icons/honeybee_8.svg
horse,https://files.svgcdn.io/twemoji/horse.svg,animals_icons/horse_5.svg
horse,https://files.svgcdn.io/streamline-emojis/horse.svg,animals_icons/horse_6.svg
horse,https://files.svgcdn.io/openmoji/horse.svg,animals_icons/horse_7.svg
horse,https://files.svgcdn.io/noto/horse.svg,animals_icons/horse_8.svg
horse,https://files.svgcdn.io/noto-v1/horse.svg,animals_icons/horse_9.svg
horse,https://files.svgcdn.io/fluent-emoji/horse.svg,animals_icons/horse_10.svg
horse,https://files.svgcdn.io/fluent-emoji-high-contrast/horse.svg,animals_icons/horse_11.svg
horse,https://files.svgcdn.io/fluent-emoji-flat/horse.svg,animals_icons/horse_12.svg
horse-face,https://files.svgcdn.io/twemoji/horse-face.svg,animals_icons/horse-face.svg
horse-face,https://files.svgcdn.io/streamline-emojis/horse-face.svg,animals_icons/horse-face_2.svg
horse-face,https://files.svgcdn.io/openmoji/horse-face.svg,animals_icons/horse-face_3.svg
horse-face,https://files.svgcdn.io/noto/horse-face.svg,animals_icons/horse-face_4.svg
horse-face,https://files.svgcdn.io/noto-v1/horse-face.svg,animals_icons/horse-face_5.svg
horse-face,https://files.svgcdn.io/fluent-emoji/horse-face.svg,animals_icons/horse-face_6.svg
horse-face,https://files.svgcdn.io/fluent-emoji-high-contrast/horse-face.svg,animals_icons/horse-face_7.svg
horse-face,https://files.svgcdn.io/fluent-emoji-flat/horse-face.svg,animals_icons/horse-face_8.svg
hyacinth,https://files.svgcdn.io/openmoji/hyacinth.svg,animals_icons/hyacinth.svg
hyacinth,https://files.svgcdn.io/noto/hyacinth.svg,animals_icons/hyacinth_2.svg
hyacinth,https://files.svgcdn.io/fluent-emoji/hyacinth.svg,animals_icons/hyacinth_3.svg
hyacinth,https://files.svgcdn.io/fluent-emoji-high-contrast/hyacinth.svg,animals_icons/hyacinth_4.svg
hyacinth,https://files.svgcdn.io/fluent-emoji-flat/hyacinth.svg,animals_icons/hyacinth_5.svg
jellyfish,https://files.svgcdn.io/openmoji/jellyfish.svg,animals_icons/jellyfish_2.svg
jellyfish,https://files.svgcdn.io/noto/jellyfish.svg,animals_icons/jellyfish_3.svg
jellyfish,https://files.svgcdn.io/fluent-emoji/jellyfish.svg,animals_icons/jellyfish_4.svg
jellyfish,https://files.svgcdn.io/fluent-emoji-high-contrast/jellyfish.svg,animals_icons/jellyfish_5.svg
jellyfish,https://files.svgcdn.io/fluent-emoji-flat/jellyfish.svg,animals_icons/jellyfish_6.svg
kangaroo,https://files.svgcdn.io/twemoji/kangaroo.svg,animals_icons/kangaroo.svg
kangaroo,https://files.svgcdn.io/openmoji/kangaroo.svg,animals_icons/kangaroo_2.svg
kangaroo,https://files.svgcdn.io/noto/kangaroo.svg,animals_icons/kangaroo_3.svg
kangaroo,https://files.svgcdn.io/fluent-emoji/kangaroo.svg,animals_icons/kangaroo_4.svg
kangaroo,https://files.svgcdn.io/fluent-emoji-high-contrast/kangaroo.svg,animals_icons/kangaroo_5.svg
kangaroo,https://files.svgcdn.io/fluent-emoji-flat/kangaroo.svg,animals_icons/kangaroo_6.svg
koala,https://files.svgcdn.io/twemoji/koala.svg,animals_icons/koala.svg
koala,https://files.svgcdn.io/streamline-emojis/koala.svg,animals_icons/koala_2.svg
koala,https://files.svgcdn.io/openmoji/koala.svg,animals_icons/koala_3.svg
koala,https://files.svgcdn.io/noto/koala.svg,animals_icons/koala_4.svg
koala,https://files.svgcdn.io/noto-v1/koala.svg,animals_icons/koala_5.svg
koala,https://files.svgcdn.io/fluent-emoji/koala.svg,animals_icons/koala_6.svg
koala,https://files.svgcdn.io/fluent-emoji-high-contrast/koala.svg,animals_icons/koala_7.svg
koala,https://files.svgcdn.io/fluent-emoji-flat/koala.svg,animals_icons/koala_8.svg
lady-beetle,https://files.svgcdn.io/twemoji/lady-beetle.svg,animals_icons/lady-beetle.svg
lady-beetle,https://files.svgcdn.io/streamline-emojis/lady-beetle.svg,animals_icons/lady-beetle_2.svg
lady-beetle,https://files.svgcdn.io/openmoji/lady-beetle.svg,animals_icons/lady-beetle_3.svg
lady-beetle,https://files.svgcdn.io/noto/lady-beetle.svg,animals_icons/lady-beetle_4.svg
lady-beetle,https://files.svgcdn.io/noto-v1/lady-beetle.svg,animals_icons/lady-beetle_5.svg
lady-beetle,https://files.svgcdn.io/fluent-emoji/lady-beetle.svg,animals_icons/lady-beetle_6.svg
lady-beetle,https://files.svgcdn.io/fluent-emoji-high-contrast/lady-beetle.svg,animals_icons/lady-beetle_7.svg
lady-beetle,https://files.svgcdn.io/fluent-emoji-flat/lady-beetle.svg,animals_icons/lady-beetle_8.svg
leaf-fluttering-in-wind,https://files.svgcdn.io/twemoji/leaf-fluttering-in-wind.svg,animals_icons/leaf-fluttering-in-wind.svg
leaf-fluttering-in-wind,https://files.svgcdn.io/streamline-emojis/leaf-fluttering-in-wind.svg,animals_icons/leaf-fluttering-in-wind_2.svg
leaf-fluttering-in-wind,https://files.svgcdn.io/openmoji/leaf-fluttering-in-wind.svg,animals_icons/leaf-fluttering-in-wind_3.svg
leaf-fluttering-in-wind,https://files.svgcdn.io/noto/leaf-fluttering-in-wind.svg,animals_icons/leaf-fluttering-in-wind_4.svg
leaf-fluttering-in-wind,https://files.svgcdn.io/noto-v1/leaf-fluttering-in-wind.svg,animals_icons/leaf-fluttering-in-wind_5.svg
leaf-fluttering-in-wind,https://files.svgcdn.io/fluent-emoji/leaf-fluttering-in-wind.svg,animals_icons/leaf-fluttering-in-wind_6.svg
leaf-fluttering-in-wind,https://files.svgcdn.io/fluent-emoji-high-contrast/leaf-fluttering-in-wind.svg,animals_icons/leaf-fluttering-in-wind_7.svg
leaf-fluttering-in-wind,https://files.svgcdn.io/fluent-emoji-flat/leaf-fluttering-in-wind.svg,animals_icons/leaf-fluttering-in-wind_8.svg
leafless-tree,https://files.svgcdn.io/openmoji/leafless-tree.svg,animals_icons/leafless-tree.svg
leafless-tree,https://files.svgcdn.io/noto/leafless-tree.svg,animals_icons/leafless-tree_2.svg
leopard,https://files.svgcdn.io/twemoji/leopard.svg,animals_icons/leopard.svg
leopard,https://files.svgcdn.io/openmoji/leopard.svg,animals_icons/leopard_2.svg
leopard,https://files.svgcdn.io/noto/leopard.svg,animals_icons/leopard_3.svg
leopard,https://files.svgcdn.io/noto-v1/leopard.svg,animals_icons/leopard_4.svg
leopard,https://files.svgcdn.io/fluent-emoji/leopard.svg,animals_icons/leopard_5.svg
leopard,https://files.svgcdn.io/fluent-emoji-high-contrast/leopard.svg,animals_icons/leopard_6.svg
leopard,https://files.svgcdn.io/fluent-emoji-flat/leopard.svg,animals_icons/leopard_7.svg
lion,https://files.svgcdn.io/twemoji/lion.svg,animals_icons/lion.svg
lion,https://files.svgcdn.io/openmoji/lion.svg,animals_icons/lion_2.svg
lion,https://files.svgcdn.io/noto/lion.svg,animals_icons/lion_3.svg
lion,https://files.svgcdn.io/noto-v1/lion.svg,animals_icons/lion_4.svg
lion,https://files.svgcdn.io/fluent-emoji/lion.svg,animals_icons/lion_5.svg
lion,https://files.svgcdn.io/fluent-emoji-high-contrast/lion.svg,animals_icons/lion_6.svg
lion,https://files.svgcdn.io/fluent-emoji-flat/lion.svg,animals_icons/lion_7.svg
lion-face,https://files.svgcdn.io/streamline-emojis/lion-face.svg,animals_icons/lion-face.svg
lizard,https://files.svgcdn.io/twemoji/lizard.svg,animals_icons/lizard.svg
lizard,https://files.svgcdn.io/openmoji/lizard.svg,animals_icons/lizard_2.svg
lizard,https://files.svgcdn.io/noto/lizard.svg,animals_icons/lizard_3.svg
lizard,https://files.svgcdn.io/noto-v1/lizard.svg,animals_icons/lizard_4.svg
lizard,https://files.svgcdn.io/fluent-emoji/lizard.svg,animals_icons/lizard_5.svg
lizard,https://files.svgcdn.io/fluent-emoji-high-contrast/lizard.svg,animals_icons/lizard_6.svg
lizard,https://files.svgcdn.io/fluent-emoji-flat/lizard.svg,animals_icons/lizard_7.svg
llama,https://files.svgcdn.io/twemoji/llama.svg,animals_icons/llama.svg
llama,https://files.svgcdn.io/openmoji/llama.svg,animals_icons/llama_2.svg
llama,https://files.svgcdn.io/noto/llama.svg,animals_icons/llama_3.svg
llama,https://files.svgcdn.io/fluent-emoji/llama.svg,animals_icons/llama_4.svg
llama,https://files.svgcdn.io/fluent-emoji-high-contrast/llama.svg,animals_icons/llama_5.svg
llama,https://files.svgcdn.io/fluent-emoji-flat/llama.svg,animals_icons/llama_6.svg
lobster,https://files.svgcdn.io/twemoji/lobster.svg,animals_icons/lobster.svg
lobster,https://files.svgcdn.io/noto/lobster.svg,animals_icons/lobster_2.svg
lotus,https://files.svgcdn.io/twemoji/lotus.svg,animals_icons/lotus.svg
lotus,https://files.svgcdn.io/openmoji/lotus.svg,animals_icons/lotus_2.svg
lotus,https://files.svgcdn.io/noto/lotus.svg,animals_icons/lotus_3.svg
lotus,https://files.svgcdn.io/fluent-emoji/lotus.svg,animals_icons/lotus_4.svg
lotus,https://files.svgcdn.io/fluent-emoji-high-contrast/lotus.svg,animals_icons/lotus_5.svg
lotus,https://files.svgcdn.io/fluent-emoji-flat/lotus.svg,animals_icons/lotus_6.svg
mammoth,https://files.svgcdn.io/twemoji/mammoth.svg,animals_icons/mammoth.svg
mammoth,https://files.svgcdn.io/openmoji/mammoth.svg,animals_icons/mammoth_2.svg
mammoth,https://files.svgcdn.io/noto/mammoth.svg,animals_icons/mammoth_3.svg
mammoth,https://files.svgcdn.io/fluent-emoji/mammoth.svg,animals_icons/mammoth_4.svg
mammoth,https://files.svgcdn.io/fluent-emoji-high-contrast/mammoth.svg,animals_icons/mammoth_5.svg
mammoth,https://files.svgcdn.io/fluent-emoji-flat/mammoth.svg,animals_icons/mammoth_6.svg
maple-leaf,https://files.svgcdn.io/twemoji/maple-leaf.svg,animals_icons/maple-leaf.svg
maple-leaf,https://files.svgcdn.io/streamline-emojis/maple-leaf.svg,animals_icons/maple-leaf_2.svg
maple-leaf,https://files.svgcdn.io/openmoji/maple-leaf.svg,animals_icons/maple-leaf_3.svg
maple-leaf,https://files.svgcdn.io/noto/maple-leaf.svg,animals_icons/maple-leaf_4.svg
maple-leaf,https://files.svgcdn.io/noto-v1/maple-leaf.svg,animals_icons/maple-leaf_5.svg
maple-leaf,https://files.svgcdn.io/fluent-emoji/maple-leaf.svg,animals_icons/maple-leaf_6.svg
maple-leaf,https://files.svgcdn.io/fluent-emoji-high-contrast/maple-leaf.svg,animals_icons/maple-leaf_7.svg
maple-leaf,https://files.svgcdn.io/fluent-emoji-flat/maple-leaf.svg,animals_icons/maple-leaf_8.svg
microbe,https://files.svgcdn.io/twemoji/microbe.svg,animals_icons/microbe.svg
microbe,https://files.svgcdn.io/openmoji/microbe.svg,animals_icons/microbe_2.svg
microbe,https://files.svgcdn.io/noto/microbe.svg,animals_icons/microbe_3.svg
microbe,https://files.svgcdn.io/fluent-emoji/microbe.svg,animals_icons/microbe_4.svg
microbe,https://files.svgcdn.io/fluent-emoji-high-contrast/microbe.svg,animals_icons/microbe_5.svg
microbe,https://files.svgcdn.io/fluent-emoji-flat/microbe.svg,animals_icons/microbe_6.svg
monkey,https://files.svgcdn.io/twemoji/monkey.svg,animals_icons/monkey_5.svg
monkey,https://files.svgcdn.io/streamline-emojis/monkey.svg,animals_icons/monkey_6.svg
monkey,https://files.svgcdn.io/openmoji/monkey.svg,animals_icons/monkey_7.svg
monkey,https://files.svgcdn.io/noto/monkey.svg,animals_icons/monkey_8.svg
monkey,https://files.svgcdn.io/noto-v1/monkey.svg,animals_icons/monkey_9.svg
monkey,https://files.svgcdn.io/fluent-emoji/monkey.svg,animals_icons/monkey_10.svg
monkey,https://files.svgcdn.io/fluent-emoji-high-contrast/monkey.svg,animals_icons/monkey_11.svg
monkey,https://files.svgcdn.io/fluent-emoji-flat/monkey.svg,animals_icons/monkey_12.svg
monkey-face,https://files.svgcdn.io/twemoji/monkey-face.svg,animals_icons/monkey-face.svg
monkey-face,https://files.svgcdn.io/streamline-emojis/monkey-face.svg,animals_icons/monkey-face_2.svg
monkey-face,https://files.svgcdn.io/openmoji/monkey-face.svg,animals_icons/monkey-face_3.svg
monkey-face,https://files.svgcdn.io/noto/monkey-face.svg,animals_icons/monkey-face_4.svg
monkey-face,https://files.svgcdn.io/noto-v1/monkey-face.svg,animals_icons/monkey-face_5.svg
monkey-face,https://files.svgcdn.io/fluent-emoji/monkey-face.svg,animals_icons/monkey-face_6.svg
monkey-face,https://files.svgcdn.io/fluent-emoji-high-contrast/monkey-face.svg,animals_icons/monkey-face_7.svg
monkey-face,https://files.svgcdn.io/fluent-emoji-flat/monkey-face.svg,animals_icons/monkey-face_8.svg
moose,https://files.svgcdn.io/openmoji/moose.svg,animals_icons/moose.svg
moose,https://files.svgcdn.io/noto/moose.svg,animals_icons/moose_2.svg
moose,https://files.svgcdn.io/fluent-emoji/moose.svg,animals_icons/moose_3.svg
moose,https://files.svgcdn.io/fluent-emoji-high-contrast/moose.svg,animals_icons/moose_4.svg
moose,https://files.svgcdn.io/fluent-emoji-flat/moose.svg,animals_icons/moose_5.svg
mosquito,https://files.svgcdn.io/twemoji/mosquito.svg,animals_icons/mosquito.svg
mosquito,https://files.svgcdn.io/openmoji/mosquito.svg,animals_icons/mosquito_2.svg
mosquito,https://files.svgcdn.io/noto/mosquito.svg,animals_icons/mosquito_3.svg
mosquito,https://files.svgcdn.io/fluent-emoji/mosquito.svg,animals_icons/mosquito_4.svg
mosquito,https://files.svgcdn.io/fluent-emoji-high-contrast/mosquito.svg,animals_icons/mosquito_5.svg
mosquito,https://files.svgcdn.io/fluent-emoji-flat/mosquito.svg,animals_icons/mosquito_6.svg
mouse,https://files.svgcdn.io/twemoji/mouse.svg,animals_icons/mouse.svg
mouse,https://files.svgcdn.io/streamline-emojis/mouse.svg,animals_icons/mouse_2.svg
mouse,https://files.svgcdn.io/openmoji/mouse.svg,animals_icons/mouse_3.svg
mouse,https://files.svgcdn.io/noto/mouse.svg,animals_icons/mouse_4.svg
mouse,https://files.svgcdn.io/noto-v1/mouse.svg,animals_icons/mouse_5.svg
mouse,https://files.svgcdn.io/fluent-emoji/mouse.svg,animals_icons/mouse_6.svg
mouse,https://files.svgcdn.io/fluent-emoji-high-contrast/mouse.svg,animals_icons/mouse_7.svg
mouse,https://files.svgcdn.io/fluent-emoji-flat/mouse.svg,animals_icons/mouse_8.svg
mouse-face,https://files.svgcdn.io/twemoji/mouse-face.svg,animals_icons/mouse-face.svg
mouse-face,https://files.svgcdn.io/streamline-emojis/mouse-face.svg,animals_icons/mouse-face_2.svg
mouse-face,https://files.svgcdn.io/openmoji/mouse-face.svg,animals_icons/mouse-face_3.svg
mouse-face,https://files.svgcdn.io/noto/mouse-face.svg,animals_icons/mouse-face_4.svg
mouse-face,https://files.svgcdn.io/noto-v1/mouse-face.svg,animals_icons/mouse-face_5.svg
mouse-face,https://files.svgcdn.io/fluent-emoji/mouse-face.svg,animals_icons/mouse-face_6.svg
mouse-face,https://files.svgcdn.io/fluent-emoji-high-contrast/mouse-face.svg,animals_icons/mouse-face_7.svg
mouse-face,https://files.svgcdn.io/fluent-emoji-flat/mouse-face.svg,animals_icons/mouse-face_8.svg
mushroom,https://files.svgcdn.io/twemoji/mushroom.svg,animals_icons/mushroom.svg
mushroom,https://files.svgcdn.io/openmoji/mushroom.svg,animals_icons/mushroom_2.svg
mushroom,https://files.svgcdn.io/noto/mushroom.svg,animals_icons/mushroom_3.svg
nest-with-eggs,https://files.svgcdn.io/twemoji/nest-with-eggs.svg,animals_icons/nest-with-eggs.svg
nest-with-eggs,https://files.svgcdn.io/openmoji/nest-with-eggs.svg,animals_icons/nest-with-eggs_2.svg
nest-with-eggs,https://files.svgcdn.io/noto/nest-with-eggs.svg,animals_icons/nest-with-eggs_3.svg
nest-with-eggs,https://files.svgcdn.io/fluent-emoji/nest-with-eggs.svg,animals_icons/nest-with-eggs_4.svg
nest-with-eggs,https://files.svgcdn.io/fluent-emoji-high-contrast/nest-with-eggs.svg,animals_icons/nest-with-eggs_5.svg
nest-with-eggs,https://files.svgcdn.io/fluent-emoji-flat/nest-with-eggs.svg,animals_icons/nest-with-eggs_6.svg
new-moon,https://files.svgcdn.io/streamline-emojis/new-moon.svg,animals_icons/new-moon.svg
octopus,https://files.svgcdn.io/twemoji/octopus.svg,animals_icons/octopus.svg
octopus,https://files.svgcdn.io/streamline-emojis/octopus.svg,animals_icons/octopus_2.svg
octopus,https://files.svgcdn.io/openmoji/octopus.svg,animals_icons/octopus_3.svg
octopus,https://files.svgcdn.io/noto/octopus.svg,animals_icons/octopus_4.svg
octopus,https://files.svgcdn.io/noto-v1/octopus.svg,animals_icons/octopus_5.svg
octopus,https://files.svgcdn.io/fluent-emoji/octopus.svg,animals_icons/octopus_6.svg
octopus,https://files.svgcdn.io/fluent-emoji-high-contrast/octopus.svg,animals_icons/octopus_7.svg
octopus,https://files.svgcdn.io/fluent-emoji-flat/octopus.svg,animals_icons/octopus_8.svg
orangutan,https://files.svgcdn.io/twemoji/orangutan.svg,animals_icons/orangutan.svg
orangutan,https://files.svgcdn.io/openmoji/orangutan.svg,animals_icons/orangutan_2.svg
orangutan,https://files.svgcdn.io/noto/orangutan.svg,animals_icons/orangutan_3.svg
orangutan,https://files.svgcdn.io/fluent-emoji/orangutan.svg,animals_icons/orangutan_4.svg
orangutan,https://files.svgcdn.io/fluent-emoji-high-contrast/orangutan.svg,animals_icons/orangutan_5.svg
orangutan,https://files.svgcdn.io/fluent-emoji-flat/orangutan.svg,animals_icons/orangutan_6.svg
orca,https://files.svgcdn.io/noto/orca.svg,animals_icons/orca.svg
otter,https://files.svgcdn.io/twemoji/otter.svg,animals_icons/otter_5.svg
otter,https://files.svgcdn.io/openmoji/otter.svg,animals_icons/otter_6.svg
otter,https://files.svgcdn.io/noto/otter.svg,animals_icons/otter_7.svg
otter,https://files.svgcdn.io/fluent-emoji/otter.svg,animals_icons/otter_8.svg
otter,https://files.svgcdn.io/fluent-emoji-high-contrast/otter.svg,animals_icons/otter_9.svg
otter,https://files.svgcdn.io/fluent-emoji-flat/otter.svg,animals_icons/otter_10.svg
owl,https://files.svgcdn.io/twemoji/owl.svg,animals_icons/owl_5.svg
owl,https://files.svgcdn.io/openmoji/owl.svg,animals_icons/owl_6.svg
owl,https://files.svgcdn.io/noto/owl.svg,animals_icons/owl_7.svg
owl,https://files.svgcdn.io/noto-v1/owl.svg,animals_icons/owl_8.svg
owl,https://files.svgcdn.io/fluent-emoji/owl.svg,animals_icons/owl_9.svg
owl,https://files.svgcdn.io/fluent-emoji-high-contrast/owl.svg,animals_icons/owl_10.svg
owl,https://files.svgcdn.io/fluent-emoji-flat/owl.svg,animals_icons/owl_11.svg
ox,https://files.svgcdn.io/twemoji/ox.svg,animals_icons/ox.svg
ox,https://files.svgcdn.io/streamline-emojis/ox.svg,animals_icons/ox_2.svg
ox,https://files.svgcdn.io/openmoji/ox.svg,animals_icons/ox_3.svg
ox,https://files.svgcdn.io/noto/ox.svg,animals_icons/ox_4.svg
ox,https://files.svgcdn.io/noto-v1/ox.svg,animals_icons/ox_5.svg
ox,https://files.svgcdn.io/fluent-emoji/ox.svg,animals_icons/ox_6.svg
ox,https://files.svgcdn.io/fluent-emoji-high-contrast/ox.svg,animals_icons/ox_7.svg
ox,https://files.svgcdn.io/fluent-emoji-flat/ox.svg,animals_icons/ox_8.svg
oyster,https://files.svgcdn.io/twemoji/oyster.svg,animals_icons/oyster.svg
oyster,https://files.svgcdn.io/noto/oyster.svg,animals_icons/oyster_2.svg
palm-tree,https://files.svgcdn.io/twemoji/palm-tree.svg,animals_icons/palm-tree.svg
palm-tree,https://files.svgcdn.io/streamline-emojis/palm-tree.svg,animals_icons/palm-tree_2.svg
palm-tree,https://files.svgcdn.io/openmoji/palm-tree.svg,animals_icons/palm-tree_3.svg
palm-tree,https://files.svgcdn.io/noto/palm-tree.svg,animals_icons/palm-tree_4.svg
palm-tree,https://files.svgcdn.io/noto-v1/palm-tree.svg,animals_icons/palm-tree_5.svg
palm-tree,https://files.svgcdn.io/fluent-emoji/palm-tree.svg,animals_icons/palm-tree_6.svg
palm-tree,https://files.svgcdn.io/fluent-emoji-high-contrast/palm-tree.svg,animals_icons/palm-tree_7.svg
palm-tree,https://files.svgcdn.io/fluent-emoji-flat/palm-tree.svg,animals_icons/palm-tree_8.svg
panda,https://files.svgcdn.io/twemoji/panda.svg,animals_icons/panda_5.svg
panda,https://files.svgcdn.io/openmoji/panda.svg,animals_icons/panda_6.svg
panda,https://files.svgcdn.io/noto/panda.svg,animals_icons/panda_7.svg
panda,https://files.svgcdn.io/noto-v1/panda.svg,animals_icons/panda_8.svg
panda,https://files.svgcdn.io/fluent-emoji/panda.svg,animals_icons/panda_9.svg
panda,https://files.svgcdn.io/fluent-emoji-high-contrast/panda.svg,animals_icons/panda_10.svg
panda,https://files.svgcdn.io/fluent-emoji-flat/panda.svg,animals_icons/panda_11.svg
panda-face,https://files.svgcdn.io/streamline-emojis/panda-face.svg,animals_icons/panda-face.svg
parrot,https://files.svgcdn.io/twemoji/parrot.svg,animals_icons/parrot.svg
parrot,https://files.svgcdn.io/openmoji/parrot.svg,animals_icons/parrot_2.svg
parrot,https://files.svgcdn.io/noto/parrot.svg,animals_icons/parrot_3.svg
parrot,https://files.svgcdn.io/fluent-emoji/parrot.svg,animals_icons/parrot_4.svg
parrot,https://files.svgcdn.io/fluent-emoji-high-contrast/parrot.svg,animals_icons/parrot_5.svg
parrot,https://files.svgcdn.io/fluent-emoji-flat/parrot.svg,animals_icons/parrot_6.svg
paw-prints,https://files.svgcdn.io/twemoji/paw-prints.svg,animals_icons/paw-prints.svg
paw-prints,https://files.svgcdn.io/streamline-emojis/paw-prints.svg,animals_icons/paw-prints_2.svg
paw-prints,https://files.svgcdn.io/openmoji/paw-prints.svg,animals_icons/paw-prints_3.svg
paw-prints,https://files.svgcdn.io/noto/paw-prints.svg,animals_icons/paw-prints_4.svg
paw-prints,https://files.svgcdn.io/noto-v1/paw-prints.svg,animals_icons/paw-prints_5.svg
paw-prints,https://files.svgcdn.io/fluent-emoji/paw-prints.svg,animals_icons/paw-prints_6.svg
paw-prints,https://files.svgcdn.io/fluent-emoji-high-contrast/paw-prints.svg,animals_icons/paw-prints_7.svg
paw-prints,https://files.svgcdn.io/fluent-emoji-flat/paw-prints.svg,animals_icons/paw-prints_8.svg
peacock,https://files.svgcdn.io/twemoji/peacock.svg,animals_icons/peacock.svg
peacock,https://files.svgcdn.io/openmoji/peacock.svg,animals_icons/peacock_2.svg
peacock,https://files.svgcdn.io/noto/peacock.svg,animals_icons/peacock_3.svg
peacock,https://files.svgcdn.io/fluent-emoji/peacock.svg,animals_icons/peacock_4.svg
peacock,https://files.svgcdn.io/fluent-emoji-high-contrast/peacock.svg,animals_icons/peacock_5.svg
peacock,https://files.svgcdn.io/fluent-emoji-flat/peacock.svg,animals_icons/peacock_6.svg
penguin,https://files.svgcdn.io/twemoji/penguin.svg,animals_icons/penguin.svg
penguin,https://files.svgcdn.io/openmoji/penguin.svg,animals_icons/penguin_2.svg
penguin,https://files.svgcdn.io/noto/penguin.svg,animals_icons/penguin_3.svg
penguin,https://files.svgcdn.io/noto-v1/penguin.svg,animals_icons/penguin_4.svg
penguin,https://files.svgcdn.io/fluent-emoji/penguin.svg,animals_icons/penguin_5.svg
penguin,https://files.svgcdn.io/fluent-emoji-high-contrast/penguin.svg,animals_icons/penguin_6.svg
penguin,https://files.svgcdn.io/fluent-emoji-flat/penguin.svg,animals_icons/penguin_7.svg
penguin-1,https://files.svgcdn.io/streamline-emojis/penguin-1.svg,animals_icons/penguin-1.svg
penguin-2,https://files.svgcdn.io/streamline-emojis/penguin-2.svg,animals_icons/penguin-2.svg
phoenix,https://files.svgcdn.io/openmoji/phoenix.svg,animals_icons/phoenix.svg
phoenix,https://files.svgcdn.io/noto/phoenix.svg,animals_icons/phoenix_2.svg
phoenix-bird,https://files.svgcdn.io/fluent-emoji/phoenix-bird.svg,animals_icons/phoenix-bird.svg
phoenix-bird,https://files.svgcdn.io/fluent-emoji-high-contrast/phoenix-bird.svg,animals_icons/phoenix-bird_2.svg
phoenix-bird,https://files.svgcdn.io/fluent-emoji-flat/phoenix-bird.svg,animals_icons/phoenix-bird_3.svg
pig,https://files.svgcdn.io/twemoji/pig.svg,animals_icons/pig_5.svg
pig,https://files.svgcdn.io/streamline-emojis/pig.svg,animals_icons/pig_6.svg
pig,https://files.svgcdn.io/openmoji/pig.svg,animals_icons/pig_7.svg
pig,https://files.svgcdn.io/noto/pig.svg,animals_icons/pig_8.svg
pig,https://files.svgcdn.io/noto-v1/pig.svg,animals_icons/pig_9.svg
pig,https://files.svgcdn.io/fluent-emoji/pig.svg,animals_icons/pig_10.svg
pig,https://files.svgcdn.io/fluent-emoji-high-contrast/pig.svg,animals_icons/pig_11.svg
pig,https://files.svgcdn.io/fluent-emoji-flat/pig.svg,animals_icons/pig_12.svg
pig-face,https://files.svgcdn.io/twemoji/pig-face.svg,animals_icons/pig-face.svg
pig-face,https://files.svgcdn.io/streamline-emojis/pig-face.svg,animals_icons/pig-face_2.svg
pig-face,https://files.svgcdn.io/openmoji/pig-face.svg,animals_icons/pig-face_3.svg
pig-face,https://files.svgcdn.io/noto/pig-face.svg,animals_icons/pig-face_4.svg
pig-face,https://files.svgcdn.io/noto-v1/pig-face.svg,animals_icons/pig-face_5.svg
pig-face,https://files.svgcdn.io/fluent-emoji/pig-face.svg,animals_icons/pig-face_6.svg
pig-face,https://files.svgcdn.io/fluent-emoji-high-contrast/pig-face.svg,animals_icons/pig-face_7.svg
pig-face,https://files.svgcdn.io/fluent-emoji-flat/pig-face.svg,animals_icons/pig-face_8.svg
pig-nose,https://files.svgcdn.io/twemoji/pig-nose.svg,animals_icons/pig-nose.svg
pig-nose,https://files.svgcdn.io/streamline-emojis/pig-nose.svg,animals_icons/pig-nose_2.svg
pig-nose,https://files.svgcdn.io/openmoji/pig-nose.svg,animals_icons/pig-nose_3.svg
pig-nose,https://files.svgcdn.io/noto/pig-nose.svg,animals_icons/pig-nose_4.svg
pig-nose,https://files.svgcdn.io/noto-v1/pig-nose.svg,animals_icons/pig-nose_5.svg
pig-nose,https://files.svgcdn.io/fluent-emoji/pig-nose.svg,animals_icons/pig-nose_6.svg
pig-nose,https://files.svgcdn.io/fluent-emoji-high-contrast/pig-nose.svg,animals_icons/pig-nose_7.svg
pig-nose,https://files.svgcdn.io/fluent-emoji-flat/pig-nose.svg,animals_icons/pig-nose_8.svg
polar-bear,https://files.svgcdn.io/twemoji/polar-bear.svg,animals_icons/polar-bear.svg
polar-bear,https://files.svgcdn.io/openmoji/polar-bear.svg,animals_icons/polar-bear_2.svg
polar-bear,https://files.svgcdn.io/noto/polar-bear.svg,animals_icons/polar-bear_3.svg
polar-bear,https://files.svgcdn.io/fluent-emoji/polar-bear.svg,animals_icons/polar-bear_4.svg
polar-bear,https://files.svgcdn.io/fluent-emoji-high-contrast/polar-bear.svg,animals_icons/polar-bear_5.svg
polar-bear,https://files.svgcdn.io/fluent-emoji-flat/polar-bear.svg,animals_icons/polar-bear_6.svg
poodle,https://files.svgcdn.io/twemoji/poodle.svg,animals_icons/poodle.svg
poodle,https://files.svgcdn.io/streamline-emojis/poodle.svg,animals_icons/poodle_2.svg
poodle,https://files.svgcdn.io/openmoji/poodle.svg,animals_icons/poodle_3.svg
poodle,https://files.svgcdn.io/noto/poodle.svg,animals_icons/poodle_4.svg
poodle,https://files.svgcdn.io/noto-v1/poodle.svg,animals_icons/poodle_5.svg
poodle,https://files.svgcdn.io/fluent-emoji/poodle.svg,animals_icons/poodle_6.svg
poodle,https://files.svgcdn.io/fluent-emoji-high-contrast/poodle.svg,animals_icons/poodle_7.svg
poodle,https://files.svgcdn.io/fluent-emoji-flat/poodle.svg,animals_icons/poodle_8.svg
potted-plant,https://files.svgcdn.io/twemoji/potted-plant.svg,animals_icons/potted-plant.svg
potted-plant,https://files.svgcdn.io/openmoji/potted-plant.svg,animals_icons/potted-plant_2.svg
potted-plant,https://files.svgcdn.io/noto/potted-plant.svg,animals_icons/potted-plant_3.svg
potted-plant,https://files.svgcdn.io/fluent-emoji/potted-plant.svg,animals_icons/potted-plant_4.svg
potted-plant,https://files.svgcdn.io/fluent-emoji-high-contrast/potted-plant.svg,animals_icons/potted-plant_5.svg
potted-plant,https://files.svgcdn.io/fluent-emoji-flat/potted-plant.svg,animals_icons/potted-plant_6.svg
rabbit,https://files.svgcdn.io/twemoji/rabbit.svg,animals_icons/rabbit_5.svg
rabbit,https://files.svgcdn.io/streamline-emojis/rabbit.svg,animals_icons/rabbit_6.svg
rabbit,https://files.svgcdn.io/openmoji/rabbit.svg,animals_icons/rabbit_7.svg
rabbit,https://files.svgcdn.io/noto/rabbit.svg,animals_icons/rabbit_8.svg
rabbit,https://files.svgcdn.io/noto-v1/rabbit.svg,animals_icons/rabbit_9.svg
rabbit,https://files.svgcdn.io/fluent-emoji/rabbit.svg,animals_icons/rabbit_10.svg
